file,line,type,commit,author,date,time,timezone,datetime,depth,length
style.css,1,css,d30676e6,TanishaKr07,2025-10-10,20:12:35,-07:00,2025-10-10T20:12:35-07:00,0,4
style.css,2,css,2ce43f8f,TanishaKr07,2025-10-10,19:47:24,-07:00,2025-10-10T19:47:24-07:00,1,31
style.css,3,css,d30676e6,TanishaKr07,2025-10-10,20:12:35,-07:00,2025-10-10T20:12:35-07:00,1,32
style.css,4,css,806bedfb,TanishaKr07,2025-10-17,21:08:38,-07:00,2025-10-17T21:08:38-07:00,1,23
style.css,5,css,0dc45719,TanishaKr07,2025-10-17,21:41:26,-07:00,2025-10-17T21:41:26-07:00,1,23
style.css,6,css,0dc45719,TanishaKr07,2025-10-17,21:41:26,-07:00,2025-10-17T21:41:26-07:00,1,16
style.css,7,css,2ce43f8f,TanishaKr07,2025-10-10,19:47:24,-07:00,2025-10-10T19:47:24-07:00,0,0
style.css,8,css,2ce43f8f,TanishaKr07,2025-10-10,19:47:24,-07:00,2025-10-10T19:47:24-07:00,0,0
style.css,9,css,d30676e6,TanishaKr07,2025-10-10,20:12:35,-07:00,2025-10-10T20:12:35-07:00,0,0
style.css,10,css,8438826c,TanishaKr07,2025-09-30,16:34:39,-07:00,2025-09-30T16:34:39-07:00,0,4
style.css,11,css,2ce43f8f,TanishaKr07,2025-10-10,19:47:24,-07:00,2025-10-10T19:47:24-07:00,1,25
style.css,12,css,2ce43f8f,TanishaKr07,2025-10-10,19:47:24,-07:00,2025-10-10T19:47:24-07:00,1,15
style.css,13,css,2ce43f8f,TanishaKr07,2025-10-10,19:47:24,-07:00,2025-10-10T19:47:24-07:00,1,42
style.css,14,css,2ce43f8f,TanishaKr07,2025-10-10,19:47:24,-07:00,2025-10-10T19:47:24-07:00,1,32
style.css,15,css,0dc45719,TanishaKr07,2025-10-17,21:41:26,-07:00,2025-10-17T21:41:26-07:00,1,23
style.css,16,css,0dc45719,TanishaKr07,2025-10-17,21:41:26,-07:00,2025-10-17T21:41:26-07:00,1,16
style.css,17,css,2ce43f8f,TanishaKr07,2025-10-10,19:47:24,-07:00,2025-10-10T19:47:24-07:00,0,0
style.css,18,css,2ce43f8f,TanishaKr07,2025-10-10,19:47:24,-07:00,2025-10-10T19:47:24-07:00,0,0
style.css,19,css,2ce43f8f,TanishaKr07,2025-10-10,19:47:24,-07:00,2025-10-10T19:47:24-07:00,0,3
style.css,20,css,2ce43f8f,TanishaKr07,2025-10-10,19:47:24,-07:00,2025-10-10T19:47:24-07:00,1,12
style.css,21,css,2ce43f8f,TanishaKr07,2025-10-10,19:47:24,-07:00,2025-10-10T19:47:24-07:00,1,13
style.css,22,css,d30676e6,TanishaKr07,2025-10-10,20:12:35,-07:00,2025-10-10T20:12:35-07:00,1,17
style.css,23,css,bcf746b2,TanishaKr07,2025-10-30,00:56:50,-07:00,2025-10-30T00:56:50-07:00,1,39
style.css,24,css,64a64dec,TanishaKr07,2025-10-10,20:36:47,-07:00,2025-10-10T20:36:47-07:00,0,0
style.css,25,css,64a64dec,TanishaKr07,2025-10-10,20:36:47,-07:00,2025-10-10T20:36:47-07:00,0,0
style.css,26,css,64a64dec,TanishaKr07,2025-10-10,20:36:47,-07:00,2025-10-10T20:36:47-07:00,0,5
style.css,27,css,64a64dec,TanishaKr07,2025-10-10,20:36:47,-07:00,2025-10-10T20:36:47-07:00,0,6
style.css,28,css,64a64dec,TanishaKr07,2025-10-10,20:36:47,-07:00,2025-10-10T20:36:47-07:00,1,16
style.css,29,css,2ce43f8f,TanishaKr07,2025-10-10,19:47:24,-07:00,2025-10-10T19:47:24-07:00,0,0
style.css,30,css,2ce43f8f,TanishaKr07,2025-10-10,19:47:24,-07:00,2025-10-10T19:47:24-07:00,0,0
style.css,31,css,2ce43f8f,TanishaKr07,2025-10-10,19:47:24,-07:00,2025-10-10T19:47:24-07:00,0,5
style.css,32,css,89ee2070,TanishaKr07,2025-10-10,19:54:13,-07:00,2025-10-10T19:54:13-07:00,1,20
style.css,33,css,89ee2070,TanishaKr07,2025-10-10,19:54:13,-07:00,2025-10-10T19:54:13-07:00,1,13
style.css,34,css,2ce43f8f,TanishaKr07,2025-10-10,19:47:24,-07:00,2025-10-10T19:47:24-07:00,1,6
style.css,35,css,89ee2070,TanishaKr07,2025-10-10,19:54:13,-07:00,2025-10-10T19:54:13-07:00,1,17
style.css,36,css,9a41e6de,TanishaKr07,2025-10-10,20:46:38,-07:00,2025-10-10T20:46:38-07:00,1,13
style.css,37,css,9a41e6de,TanishaKr07,2025-10-10,20:46:38,-07:00,2025-10-10T20:46:38-07:00,1,37
style.css,38,css,9a41e6de,TanishaKr07,2025-10-10,20:46:38,-07:00,2025-10-10T20:46:38-07:00,1,61
style.css,39,css,92d38de0,TanishaKr07,2025-10-10,19:56:14,-07:00,2025-10-10T19:56:14-07:00,0,0
style.css,40,css,9a41e6de,TanishaKr07,2025-10-10,20:46:38,-07:00,2025-10-10T20:46:38-07:00,0,0
style.css,41,css,92d38de0,TanishaKr07,2025-10-10,19:56:14,-07:00,2025-10-10T19:56:14-07:00,0,13
style.css,42,css,253e4ae7,TanishaKr07,2025-10-30,00:28:42,-07:00,2025-10-30T00:28:42-07:00,1,39
style.css,43,css,5117b8fa,TanishaKr07,2025-10-10,20:39:55,-07:00,2025-10-10T20:39:55-07:00,1,20
style.css,44,css,92d38de0,TanishaKr07,2025-10-10,19:56:14,-07:00,2025-10-10T19:56:14-07:00,0,0
style.css,45,css,92d38de0,TanishaKr07,2025-10-10,19:56:14,-07:00,2025-10-10T19:56:14-07:00,0,0
style.css,46,css,92d38de0,TanishaKr07,2025-10-10,19:56:14,-07:00,2025-10-10T19:56:14-07:00,0,11
style.css,47,css,92d38de0,TanishaKr07,2025-10-10,19:56:14,-07:00,2025-10-10T19:56:14-07:00,1,39
style.css,48,css,c1dff2a3,TanishaKr07,2025-10-17,21:55:22,-07:00,2025-10-17T21:55:22-07:00,1,70
style.css,49,css,9a41e6de,TanishaKr07,2025-10-10,20:46:38,-07:00,2025-10-10T20:46:38-07:00,0,0
style.css,50,css,9a41e6de,TanishaKr07,2025-10-10,20:46:38,-07:00,2025-10-10T20:46:38-07:00,0,0
style.css,51,css,2ce43f8f,TanishaKr07,2025-10-10,19:47:24,-07:00,2025-10-10T19:47:24-07:00,0,0
style.css,52,css,2ce43f8f,TanishaKr07,2025-10-10,19:47:24,-07:00,2025-10-10T19:47:24-07:00,0,4
style.css,53,css,2ce43f8f,TanishaKr07,2025-10-10,19:47:24,-07:00,2025-10-10T19:47:24-07:00,1,12
style.css,54,css,2ce43f8f,TanishaKr07,2025-10-10,19:47:24,-07:00,2025-10-10T19:47:24-07:00,1,30
style.css,55,css,2ce43f8f,TanishaKr07,2025-10-10,19:47:24,-07:00,2025-10-10T19:47:24-07:00,1,7
style.css,56,css,1c8a7e8d,TanishaKr07,2025-10-10,22:12:12,-07:00,2025-10-10T22:12:12-07:00,1,18
style.css,57,css,2ce43f8f,TanishaKr07,2025-10-10,19:47:24,-07:00,2025-10-10T19:47:24-07:00,0,0
style.css,58,css,1c8a7e8d,TanishaKr07,2025-10-10,22:12:12,-07:00,2025-10-10T22:12:12-07:00,0,0
style.css,59,css,2ce43f8f,TanishaKr07,2025-10-10,19:47:24,-07:00,2025-10-10T19:47:24-07:00,0,10
style.css,60,css,1c8a7e8d,TanishaKr07,2025-10-10,22:12:12,-07:00,2025-10-10T22:12:12-07:00,1,69
style.css,61,css,1c8a7e8d,TanishaKr07,2025-10-10,22:12:12,-07:00,2025-10-10T22:12:12-07:00,0,0
style.css,62,css,1c8a7e8d,TanishaKr07,2025-10-10,22:12:12,-07:00,2025-10-10T22:12:12-07:00,0,0
style.css,63,css,1c8a7e8d,TanishaKr07,2025-10-10,22:12:12,-07:00,2025-10-10T22:12:12-07:00,0,9
style.css,64,css,1c8a7e8d,TanishaKr07,2025-10-10,22:12:12,-07:00,2025-10-10T22:12:12-07:00,0,13
style.css,65,css,1c8a7e8d,TanishaKr07,2025-10-10,22:12:12,-07:00,2025-10-10T22:12:12-07:00,1,50
style.css,66,css,2a5aaab6,TanishaKr07,2025-10-10,22:16:28,-07:00,2025-10-10T22:16:28-07:00,0,0
style.css,67,css,2ce43f8f,TanishaKr07,2025-10-10,19:47:24,-07:00,2025-10-10T19:47:24-07:00,0,0
style.css,68,css,d0eb84fb,TanishaKr07,2025-10-10,21:38:54,-07:00,2025-10-10T21:38:54-07:00,0,9
style.css,69,css,94cf98f8,TanishaKr07,2025-10-10,21:24:32,-07:00,2025-10-10T21:24:32-07:00,2,12
style.css,70,css,94cf98f8,TanishaKr07,2025-10-10,21:24:32,-07:00,2025-10-10T21:24:32-07:00,2,58
style.css,71,css,94cf98f8,TanishaKr07,2025-10-10,21:24:32,-07:00,2025-10-10T21:24:32-07:00,2,7
style.css,72,css,7978c8e4,TanishaKr07,2025-10-10,22:05:56,-07:00,2025-10-10T22:05:56-07:00,2,17
style.css,73,css,64599e55,TanishaKr07,2025-10-10,21:49:16,-07:00,2025-10-10T21:49:16-07:00,0,0
style.css,74,css,64599e55,TanishaKr07,2025-10-10,21:49:16,-07:00,2025-10-10T21:49:16-07:00,0,17
style.css,75,css,53035857,TanishaKr07,2025-10-10,21:58:16,-07:00,2025-10-10T21:58:16-07:00,2,12
style.css,76,css,53035857,TanishaKr07,2025-10-10,21:58:16,-07:00,2025-10-10T21:58:16-07:00,2,26
style.css,77,css,53035857,TanishaKr07,2025-10-10,21:58:16,-07:00,2025-10-10T21:58:16-07:00,2,15
style.css,78,css,53035857,TanishaKr07,2025-10-10,21:58:16,-07:00,2025-10-10T21:58:16-07:00,2,7
style.css,79,css,64599e55,TanishaKr07,2025-10-10,21:49:16,-07:00,2025-10-10T21:49:16-07:00,0,0
style.css,80,css,64599e55,TanishaKr07,2025-10-10,21:49:16,-07:00,2025-10-10T21:49:16-07:00,0,20
style.css,81,css,53035857,TanishaKr07,2025-10-10,21:58:16,-07:00,2025-10-10T21:58:16-07:00,2,8
style.css,82,css,64599e55,TanishaKr07,2025-10-10,21:49:16,-07:00,2025-10-10T21:49:16-07:00,0,0
style.css,83,css,64599e55,TanishaKr07,2025-10-10,21:49:16,-07:00,2025-10-10T21:49:16-07:00,0,22
style.css,84,css,64599e55,TanishaKr07,2025-10-10,21:49:16,-07:00,2025-10-10T21:49:16-07:00,1,15
style.css,85,css,64599e55,TanishaKr07,2025-10-10,21:49:16,-07:00,2025-10-10T21:49:16-07:00,1,17
style.css,86,css,53035857,TanishaKr07,2025-10-10,21:58:16,-07:00,2025-10-10T21:58:16-07:00,1,12
style.css,87,css,53035857,TanishaKr07,2025-10-10,21:58:16,-07:00,2025-10-10T21:58:16-07:00,0,0
style.css,88,css,53035857,TanishaKr07,2025-10-10,21:58:16,-07:00,2025-10-10T21:58:16-07:00,0,2
style.css,89,css,53035857,TanishaKr07,2025-10-10,21:58:16,-07:00,2025-10-10T21:58:16-07:00,2,13
style.css,90,css,53035857,TanishaKr07,2025-10-10,21:58:16,-07:00,2025-10-10T21:58:16-07:00,0,0
style.css,91,css,53035857,TanishaKr07,2025-10-10,21:58:16,-07:00,2025-10-10T21:58:16-07:00,0,0
style.css,92,css,53035857,TanishaKr07,2025-10-10,21:58:16,-07:00,2025-10-10T21:58:16-07:00,0,2
style.css,93,css,53035857,TanishaKr07,2025-10-10,21:58:16,-07:00,2025-10-10T21:58:16-07:00,2,13
style.css,94,css,6f1fa4e5,TanishaKr07,2025-10-24,21:11:37,-07:00,2025-10-24T21:11:37-07:00,0,0
style.css,95,css,b582dfc7,TanishaKr07,2025-10-24,21:22:49,-07:00,2025-10-24T21:22:49-07:00,0,14
style.css,96,css,b582dfc7,TanishaKr07,2025-10-24,21:22:49,-07:00,2025-10-24T21:22:49-07:00,1,15
style.css,97,css,b582dfc7,TanishaKr07,2025-10-24,21:22:49,-07:00,2025-10-24T21:22:49-07:00,1,13
style.css,98,css,b582dfc7,TanishaKr07,2025-10-24,21:22:49,-07:00,2025-10-24T21:22:49-07:00,1,15
style.css,99,css,28fa27d4,TanishaKr07,2025-10-24,21:40:06,-07:00,2025-10-24T21:40:06-07:00,1,35
style.css,100,css,b582dfc7,TanishaKr07,2025-10-24,21:22:49,-07:00,2025-10-24T21:22:49-07:00,1,17
style.css,101,css,bcf746b2,TanishaKr07,2025-10-30,00:56:50,-07:00,2025-10-30T00:56:50-07:00,1,37
style.css,102,css,b582dfc7,TanishaKr07,2025-10-24,21:22:49,-07:00,2025-10-24T21:22:49-07:00,1,17
style.css,103,css,b582dfc7,TanishaKr07,2025-10-24,21:22:49,-07:00,2025-10-24T21:22:49-07:00,0,0
style.css,104,css,b582dfc7,TanishaKr07,2025-10-24,21:22:49,-07:00,2025-10-24T21:22:49-07:00,0,0
style.css,105,css,b582dfc7,TanishaKr07,2025-10-24,21:22:49,-07:00,2025-10-24T21:22:49-07:00,0,17
style.css,106,css,6f1fa4e5,TanishaKr07,2025-10-24,21:11:37,-07:00,2025-10-24T21:11:37-07:00,1,12
style.css,107,css,b582dfc7,TanishaKr07,2025-10-24,21:22:49,-07:00,2025-10-24T21:22:49-07:00,1,36
style.css,108,css,6f1fa4e5,TanishaKr07,2025-10-24,21:11:37,-07:00,2025-10-24T21:11:37-07:00,1,7
style.css,109,css,6f1fa4e5,TanishaKr07,2025-10-24,21:11:37,-07:00,2025-10-24T21:11:37-07:00,0,0
style.css,110,css,6f1fa4e5,TanishaKr07,2025-10-24,21:11:37,-07:00,2025-10-24T21:11:37-07:00,0,0
style.css,111,css,b582dfc7,TanishaKr07,2025-10-24,21:22:49,-07:00,2025-10-24T21:22:49-07:00,0,17
style.css,112,css,6f1fa4e5,TanishaKr07,2025-10-24,21:11:37,-07:00,2025-10-24T21:11:37-07:00,1,10
style.css,113,css,6f1fa4e5,TanishaKr07,2025-10-24,21:11:37,-07:00,2025-10-24T21:11:37-07:00,1,16
style.css,114,css,6f1fa4e5,TanishaKr07,2025-10-24,21:11:37,-07:00,2025-10-24T21:11:37-07:00,0,0
style.css,115,css,6f1fa4e5,TanishaKr07,2025-10-24,21:11:37,-07:00,2025-10-24T21:11:37-07:00,0,0
style.css,116,css,b582dfc7,TanishaKr07,2025-10-24,21:22:49,-07:00,2025-10-24T21:22:49-07:00,0,17
style.css,117,css,6f1fa4e5,TanishaKr07,2025-10-24,21:11:37,-07:00,2025-10-24T21:11:37-07:00,1,10
style.css,118,css,b582dfc7,TanishaKr07,2025-10-24,21:22:49,-07:00,2025-10-24T21:22:49-07:00,1,8
style.css,119,css,6f1fa4e5,TanishaKr07,2025-10-24,21:11:37,-07:00,2025-10-24T21:11:37-07:00,0,0
style.css,120,css,b582dfc7,TanishaKr07,2025-10-24,21:22:49,-07:00,2025-10-24T21:22:49-07:00,0,0
style.css,121,css,5fe10ff7,TanishaKr07,2025-10-29,19:56:30,-07:00,2025-10-29T19:56:30-07:00,0,277
style.css,122,css,5fe10ff7,TanishaKr07,2025-10-29,19:56:30,-07:00,2025-10-29T19:56:30-07:00,0,0
style.css,123,css,5fe10ff7,TanishaKr07,2025-10-29,19:56:30,-07:00,2025-10-29T19:56:30-07:00,0,34
style.css,124,css,5fe10ff7,TanishaKr07,2025-10-29,19:56:30,-07:00,2025-10-29T19:56:30-07:00,0,63
style.css,125,css,5fe10ff7,TanishaKr07,2025-10-29,19:56:30,-07:00,2025-10-29T19:56:30-07:00,0,0
style.css,126,css,5fe10ff7,TanishaKr07,2025-10-29,19:56:30,-07:00,2025-10-29T19:56:30-07:00,0,149
style.css,127,css,5fe10ff7,TanishaKr07,2025-10-29,19:56:30,-07:00,2025-10-29T19:56:30-07:00,0,42
style.css,128,css,5fe10ff7,TanishaKr07,2025-10-29,19:56:30,-07:00,2025-10-29T19:56:30-07:00,0,126
style.css,129,css,5fe10ff7,TanishaKr07,2025-10-29,19:56:30,-07:00,2025-10-29T19:56:30-07:00,0,0
style.css,130,css,34ceba94,TanishaKr07,2025-10-29,19:15:56,-07:00,2025-10-29T19:15:56-07:00,0,7
style.css,131,css,34ceba94,TanishaKr07,2025-10-29,19:15:56,-07:00,2025-10-29T19:15:56-07:00,2,15
style.css,132,css,5fe10ff7,TanishaKr07,2025-10-29,19:56:30,-07:00,2025-10-29T19:56:30-07:00,2,12
style.css,133,css,5fe10ff7,TanishaKr07,2025-10-29,19:56:30,-07:00,2025-10-29T19:56:30-07:00,2,7
style.css,134,css,5fe10ff7,TanishaKr07,2025-10-29,19:56:30,-07:00,2025-10-29T19:56:30-07:00,2,14
style.css,135,css,ed900c19,TanishaKr07,2025-10-29,22:19:48,-07:00,2025-10-29T22:19:48-07:00,2,6
style.css,136,css,1c584b77,TanishaKr07,2025-10-29,21:41:27,-07:00,2025-10-29T21:41:27-07:00,2,18
style.css,137,css,bcf746b2,TanishaKr07,2025-10-30,00:56:50,-07:00,2025-10-30T00:56:50-07:00,2,32
style.css,138,css,ed900c19,TanishaKr07,2025-10-29,22:19:48,-07:00,2025-10-29T22:19:48-07:00,2,11
style.css,139,css,ed900c19,TanishaKr07,2025-10-29,22:19:48,-07:00,2025-10-29T22:19:48-07:00,2,12
style.css,140,css,bcf746b2,TanishaKr07,2025-10-30,00:56:50,-07:00,2025-10-30T00:56:50-07:00,2,17
style.css,141,css,34ceba94,TanishaKr07,2025-10-29,19:15:56,-07:00,2025-10-29T19:15:56-07:00,0,0
style.css,142,css,253e4ae7,TanishaKr07,2025-10-30,00:28:42,-07:00,2025-10-30T00:28:42-07:00,0,7
style.css,143,css,253e4ae7,TanishaKr07,2025-10-30,00:28:42,-07:00,2025-10-30T00:28:42-07:00,1,57
style.css,144,css,253e4ae7,TanishaKr07,2025-10-30,00:28:42,-07:00,2025-10-30T00:28:42-07:00,0,0
style.css,145,css,253e4ae7,TanishaKr07,2025-10-30,00:28:42,-07:00,2025-10-30T00:28:42-07:00,0,0
style.css,146,css,34ceba94,TanishaKr07,2025-10-29,19:15:56,-07:00,2025-10-29T19:15:56-07:00,0,0
style.css,147,css,5fe10ff7,TanishaKr07,2025-10-29,19:56:30,-07:00,2025-10-29T19:56:30-07:00,0,57
style.css,148,css,5fe10ff7,TanishaKr07,2025-10-29,19:56:30,-07:00,2025-10-29T19:56:30-07:00,0,250
style.css,149,css,5fe10ff7,TanishaKr07,2025-10-29,19:56:30,-07:00,2025-10-29T19:56:30-07:00,0,0
style.css,150,css,5fe10ff7,TanishaKr07,2025-10-29,19:56:30,-07:00,2025-10-29T19:56:30-07:00,0,57
style.css,151,css,5fe10ff7,TanishaKr07,2025-10-29,19:56:30,-07:00,2025-10-29T19:56:30-07:00,0,78
style.css,152,css,5fe10ff7,TanishaKr07,2025-10-29,19:56:30,-07:00,2025-10-29T19:56:30-07:00,0,0
style.css,153,css,5fe10ff7,TanishaKr07,2025-10-29,19:56:30,-07:00,2025-10-29T19:56:30-07:00,0,201
style.css,154,css,5fe10ff7,TanishaKr07,2025-10-29,19:56:30,-07:00,2025-10-29T19:56:30-07:00,0,0
style.css,155,css,5fe10ff7,TanishaKr07,2025-10-29,19:56:30,-07:00,2025-10-29T19:56:30-07:00,0,32
style.css,156,css,5fe10ff7,TanishaKr07,2025-10-29,19:56:30,-07:00,2025-10-29T19:56:30-07:00,0,24
style.css,157,css,5fe10ff7,TanishaKr07,2025-10-29,19:56:30,-07:00,2025-10-29T19:56:30-07:00,2,17
style.css,158,css,5fe10ff7,TanishaKr07,2025-10-29,19:56:30,-07:00,2025-10-29T19:56:30-07:00,5,38
style.css,159,css,5fe10ff7,TanishaKr07,2025-10-29,19:56:30,-07:00,2025-10-29T19:56:30-07:00,5,17
style.css,160,css,5fe10ff7,TanishaKr07,2025-10-29,19:56:30,-07:00,2025-10-29T19:56:30-07:00,5,1
style.css,161,css,5fe10ff7,TanishaKr07,2025-10-29,19:56:30,-07:00,2025-10-29T19:56:30-07:00,0,0
style.css,162,css,5fe10ff7,TanishaKr07,2025-10-29,19:56:30,-07:00,2025-10-29T19:56:30-07:00,0,152
style.css,163,css,5fe10ff7,TanishaKr07,2025-10-29,19:56:30,-07:00,2025-10-29T19:56:30-07:00,0,10
style.css,164,css,34ceba94,TanishaKr07,2025-10-29,19:15:56,-07:00,2025-10-29T19:15:56-07:00,2,12
style.css,165,css,5fe10ff7,TanishaKr07,2025-10-29,19:56:30,-07:00,2025-10-29T19:56:30-07:00,2,18
style.css,166,css,5fe10ff7,TanishaKr07,2025-10-29,19:56:30,-07:00,2025-10-29T19:56:30-07:00,2,9
style.css,167,css,5fe10ff7,TanishaKr07,2025-10-29,19:56:30,-07:00,2025-10-29T19:56:30-07:00,0,0
style.css,168,css,5fe10ff7,TanishaKr07,2025-10-29,19:56:30,-07:00,2025-10-29T19:56:30-07:00,0,15
style.css,169,css,5fe10ff7,TanishaKr07,2025-10-29,19:56:30,-07:00,2025-10-29T19:56:30-07:00,2,11
style.css,170,css,5fe10ff7,TanishaKr07,2025-10-29,19:56:30,-07:00,2025-10-29T19:56:30-07:00,2,12
style.css,171,css,5fe10ff7,TanishaKr07,2025-10-29,19:56:30,-07:00,2025-10-29T19:56:30-07:00,2,18
style.css,172,css,5fe10ff7,TanishaKr07,2025-10-29,19:56:30,-07:00,2025-10-29T19:56:30-07:00,2,29
style.css,173,css,5fe10ff7,TanishaKr07,2025-10-29,19:56:30,-07:00,2025-10-29T19:56:30-07:00,2,19
style.css,174,css,5fe10ff7,TanishaKr07,2025-10-29,19:56:30,-07:00,2025-10-29T19:56:30-07:00,0,0
style.css,175,css,5fe10ff7,TanishaKr07,2025-10-29,19:56:30,-07:00,2025-10-29T19:56:30-07:00,0,15
style.css,176,css,5fe10ff7,TanishaKr07,2025-10-29,19:56:30,-07:00,2025-10-29T19:56:30-07:00,2,15
style.css,177,css,1c584b77,TanishaKr07,2025-10-29,21:41:27,-07:00,2025-10-29T21:41:27-07:00,2,18
style.css,178,css,5fe10ff7,TanishaKr07,2025-10-29,19:56:30,-07:00,2025-10-29T19:56:30-07:00,0,0
style.css,179,css,5fe10ff7,TanishaKr07,2025-10-29,19:56:30,-07:00,2025-10-29T19:56:30-07:00,0,201
style.css,180,css,ed900c19,TanishaKr07,2025-10-29,22:19:48,-07:00,2025-10-29T22:19:48-07:00,0,0
style.css,181,css,ed900c19,TanishaKr07,2025-10-29,22:19:48,-07:00,2025-10-29T22:19:48-07:00,0,23
style.css,182,css,ed900c19,TanishaKr07,2025-10-29,22:19:48,-07:00,2025-10-29T22:19:48-07:00,2,38
style.css,183,css,ed900c19,TanishaKr07,2025-10-29,22:19:48,-07:00,2025-10-29T22:19:48-07:00,2,88
style.css,184,css,ed900c19,TanishaKr07,2025-10-29,22:19:48,-07:00,2025-10-29T22:19:48-07:00,2,12
style.css,185,css,ed900c19,TanishaKr07,2025-10-29,22:19:48,-07:00,2025-10-29T22:19:48-07:00,2,0
style.css,186,css,ed900c19,TanishaKr07,2025-10-29,22:19:48,-07:00,2025-10-29T22:19:48-07:00,2,25
style.css,187,css,ed900c19,TanishaKr07,2025-10-29,22:19:48,-07:00,2025-10-29T22:19:48-07:00,2,76
style.css,188,css,ed900c19,TanishaKr07,2025-10-29,22:19:48,-07:00,2025-10-29T22:19:48-07:00,2,18
style.css,189,css,ed900c19,TanishaKr07,2025-10-29,22:19:48,-07:00,2025-10-29T22:19:48-07:00,2,0
style.css,190,css,ed900c19,TanishaKr07,2025-10-29,22:19:48,-07:00,2025-10-29T22:19:48-07:00,2,18
style.css,191,css,ed900c19,TanishaKr07,2025-10-29,22:19:48,-07:00,2025-10-29T22:19:48-07:00,2,58
style.css,192,css,ed900c19,TanishaKr07,2025-10-29,22:19:48,-07:00,2025-10-29T22:19:48-07:00,2,40
style.css,193,css,58ee5d88,TanishaKr07,2025-10-29,22:35:50,-07:00,2025-10-29T22:35:50-07:00,2,18
style.css,194,css,ed900c19,TanishaKr07,2025-10-29,22:19:48,-07:00,2025-10-29T22:19:48-07:00,0,0
style.css,195,css,7c1c040c,TanishaKr07,2025-10-29,23:37:12,-07:00,2025-10-29T23:37:12-07:00,0,0
style.css,196,css,253e4ae7,TanishaKr07,2025-10-30,00:28:42,-07:00,2025-10-30T00:28:42-07:00,0,44
style.css,197,css,253e4ae7,TanishaKr07,2025-10-30,00:28:42,-07:00,2025-10-30T00:28:42-07:00,0,36
style.css,198,css,253e4ae7,TanishaKr07,2025-10-30,00:28:42,-07:00,2025-10-30T00:28:42-07:00,1,11
style.css,199,css,7c1c040c,TanishaKr07,2025-10-29,23:37:12,-07:00,2025-10-29T23:37:12-07:00,0,0
style.css,200,css,253e4ae7,TanishaKr07,2025-10-30,00:28:42,-07:00,2025-10-30T00:28:42-07:00,0,0
style.css,201,css,253e4ae7,TanishaKr07,2025-10-30,00:28:42,-07:00,2025-10-30T00:28:42-07:00,0,20
style.css,202,css,7c1c040c,TanishaKr07,2025-10-29,23:37:12,-07:00,2025-10-29T23:37:12-07:00,0,4
style.css,203,css,7c1c040c,TanishaKr07,2025-10-29,23:37:12,-07:00,2025-10-29T23:37:12-07:00,1,16
style.css,204,css,7c1c040c,TanishaKr07,2025-10-29,23:37:12,-07:00,2025-10-29T23:37:12-07:00,1,14
style.css,205,css,7c1c040c,TanishaKr07,2025-10-29,23:37:12,-07:00,2025-10-29T23:37:12-07:00,0,0
style.css,206,css,7c1c040c,TanishaKr07,2025-10-29,23:37:12,-07:00,2025-10-29T23:37:12-07:00,0,0
style.css,207,css,253e4ae7,TanishaKr07,2025-10-30,00:28:42,-07:00,2025-10-30T00:28:42-07:00,0,27
style.css,208,css,253e4ae7,TanishaKr07,2025-10-30,00:28:42,-07:00,2025-10-30T00:28:42-07:00,0,13
style.css,209,css,bcf746b2,TanishaKr07,2025-10-30,00:56:50,-07:00,2025-10-30T00:56:50-07:00,1,31
style.css,210,css,253e4ae7,TanishaKr07,2025-10-30,00:28:42,-07:00,2025-10-30T00:28:42-07:00,0,0
style.css,211,css,253e4ae7,TanishaKr07,2025-10-30,00:28:42,-07:00,2025-10-30T00:28:42-07:00,0,0
style.css,212,css,253e4ae7,TanishaKr07,2025-10-30,00:28:42,-07:00,2025-10-30T00:28:42-07:00,0,10
style.css,213,css,253e4ae7,TanishaKr07,2025-10-30,00:28:42,-07:00,2025-10-30T00:28:42-07:00,2,58
style.css,214,css,253e4ae7,TanishaKr07,2025-10-30,00:28:42,-07:00,2025-10-30T00:28:42-07:00,2,58
style.css,215,css,253e4ae7,TanishaKr07,2025-10-30,00:28:42,-07:00,2025-10-30T00:28:42-07:00,2,68
style.css,216,css,253e4ae7,TanishaKr07,2025-10-30,00:28:42,-07:00,2025-10-30T00:28:42-07:00,2,42
style.css,217,css,bcf746b2,TanishaKr07,2025-10-30,00:56:50,-07:00,2025-10-30T00:56:50-07:00,2,28
style.css,218,css,bcf746b2,TanishaKr07,2025-10-30,00:56:50,-07:00,2025-10-30T00:56:50-07:00,2,0
style.css,219,css,7c1c040c,TanishaKr07,2025-10-29,23:37:12,-07:00,2025-10-29T23:37:12-07:00,0,0
index.js,1,js,f66c9be5,TanishaKr07,2025-10-24,20:56:19,-07:00,2025-10-24T20:56:19-07:00,0,71
index.js,2,js,a865fbaf,TanishaKr07,2025-10-24,20:36:37,-07:00,2025-10-24T20:36:37-07:00,0,54
index.js,3,js,a865fbaf,TanishaKr07,2025-10-24,20:36:37,-07:00,2025-10-24T20:36:37-07:00,0,42
index.js,4,js,a865fbaf,TanishaKr07,2025-10-24,20:36:37,-07:00,2025-10-24T20:36:37-07:00,0,60
index.js,5,js,f66c9be5,TanishaKr07,2025-10-24,20:56:19,-07:00,2025-10-24T20:56:19-07:00,0,54
index.js,6,js,f66c9be5,TanishaKr07,2025-10-24,20:56:19,-07:00,2025-10-24T20:56:19-07:00,0,54
index.js,7,js,f66c9be5,TanishaKr07,2025-10-24,20:56:19,-07:00,2025-10-24T20:56:19-07:00,0,60
index.js,8,js,f66c9be5,TanishaKr07,2025-10-24,20:56:19,-07:00,2025-10-24T20:56:19-07:00,0,17
index.js,9,js,f66c9be5,TanishaKr07,2025-10-24,20:56:19,-07:00,2025-10-24T20:56:19-07:00,1,24
index.js,10,js,f66c9be5,TanishaKr07,2025-10-24,20:56:19,-07:00,2025-10-24T20:56:19-07:00,4,2
index.js,11,js,f66c9be5,TanishaKr07,2025-10-24,20:56:19,-07:00,2025-10-24T20:56:19-07:00,5,55
index.js,12,js,f66c9be5,TanishaKr07,2025-10-24,20:56:19,-07:00,2025-10-24T20:56:19-07:00,5,55
index.js,13,js,f66c9be5,TanishaKr07,2025-10-24,20:56:19,-07:00,2025-10-24T20:56:19-07:00,5,49
index.js,14,js,f66c9be5,TanishaKr07,2025-10-24,20:56:19,-07:00,2025-10-24T20:56:19-07:00,5,49
index.js,15,js,f66c9be5,TanishaKr07,2025-10-24,20:56:19,-07:00,2025-10-24T20:56:19-07:00,4,3
index.js,16,js,f66c9be5,TanishaKr07,2025-10-24,20:56:19,-07:00,2025-10-24T20:56:19-07:00,2,0
index.js,17,js,f66c9be5,TanishaKr07,2025-10-24,20:56:19,-07:00,2025-10-24T20:56:19-07:00,0,0
index.html,1,html,215a94af,TanishaKr07,2025-09-30,16:08:56,-07:00,2025-09-30T16:08:56-07:00,0,13
index.html,2,html,215a94af,TanishaKr07,2025-09-30,16:08:56,-07:00,2025-09-30T16:08:56-07:00,0,14
index.html,3,html,215a94af,TanishaKr07,2025-09-30,16:08:56,-07:00,2025-09-30T16:08:56-07:00,0,4
index.html,4,html,215a94af,TanishaKr07,2025-09-30,16:08:56,-07:00,2025-09-30T16:08:56-07:00,2,20
index.html,5,html,215a94af,TanishaKr07,2025-09-30,16:08:56,-07:00,2025-09-30T16:08:56-07:00,2,68
index.html,6,html,215a94af,TanishaKr07,2025-09-30,16:08:56,-07:00,2025-09-30T16:08:56-07:00,2,49
index.html,7,html,8438826c,TanishaKr07,2025-09-30,16:34:39,-07:00,2025-09-30T16:34:39-07:00,2,38
index.html,8,html,215a94af,TanishaKr07,2025-09-30,16:08:56,-07:00,2025-09-30T16:08:56-07:00,0,5
index.html,9,html,ac362a4e,TanishaKr07,2025-10-17,19:09:18,-07:00,2025-10-17T19:09:18-07:00,0,22
index.html,10,html,9fc42a8a,TanishaKr07,2025-10-10,23:12:56,-07:00,2025-10-10T23:12:56-07:00,2,3
index.html,11,html,9fc42a8a,TanishaKr07,2025-10-10,23:12:56,-07:00,2025-10-10T23:12:56-07:00,4,2
index.html,12,html,ac362a4e,TanishaKr07,2025-10-17,19:09:18,-07:00,2025-10-17T19:09:18-07:00,6,52
index.html,13,html,9fc42a8a,TanishaKr07,2025-10-10,23:12:56,-07:00,2025-10-10T23:12:56-07:00,6,60
index.html,14,html,9fc42a8a,TanishaKr07,2025-10-10,23:12:56,-07:00,2025-10-10T23:12:56-07:00,6,58
index.html,15,html,9fc42a8a,TanishaKr07,2025-10-10,23:12:56,-07:00,2025-10-10T23:12:56-07:00,6,59
index.html,16,html,9fc42a8a,TanishaKr07,2025-10-10,23:12:56,-07:00,2025-10-10T23:12:56-07:00,6,74
index.html,17,html,9fc42a8a,TanishaKr07,2025-10-10,23:12:56,-07:00,2025-10-10T23:12:56-07:00,4,3
index.html,18,html,ac362a4e,TanishaKr07,2025-10-17,19:09:18,-07:00,2025-10-17T19:09:18-07:00,2,8
index.html,19,html,215a94af,TanishaKr07,2025-09-30,16:08:56,-07:00,2025-09-30T16:08:56-07:00,0,4
index.html,20,html,9fde2ced,TanishaKr07,2025-10-10,22:23:30,-07:00,2025-10-10T22:23:30-07:00,2,34
index.html,21,html,81690eab,TanishaKr07,2025-10-24,21:26:08,-07:00,2025-10-24T21:26:08-07:00,2,22
index.html,22,html,81690eab,TanishaKr07,2025-10-24,21:26:08,-07:00,2025-10-24T21:26:08-07:00,4,49
index.html,23,html,81690eab,TanishaKr07,2025-10-24,21:26:08,-07:00,2025-10-24T21:26:08-07:00,2,4
index.html,24,html,5943c4a7,TanishaKr07,2025-10-30,21:33:09,-07:00,2025-10-30T21:33:09-07:00,2,94
index.html,25,html,215a94af,TanishaKr07,2025-09-30,16:08:56,-07:00,2025-09-30T16:08:56-07:00,2,63
index.html,26,html,8438826c,TanishaKr07,2025-09-30,16:34:39,-07:00,2025-09-30T16:34:39-07:00,4,63
index.html,27,html,215a94af,TanishaKr07,2025-09-30,16:08:56,-07:00,2025-09-30T16:08:56-07:00,4,15
index.html,28,html,215a94af,TanishaKr07,2025-09-30,16:08:56,-07:00,2025-09-30T16:08:56-07:00,2,1
index.html,29,html,215a94af,TanishaKr07,2025-09-30,16:08:56,-07:00,2025-09-30T16:08:56-07:00,4,64
index.html,30,html,215a94af,TanishaKr07,2025-09-30,16:08:56,-07:00,2025-09-30T16:08:56-07:00,4,59
index.html,31,html,215a94af,TanishaKr07,2025-09-30,16:08:56,-07:00,2025-09-30T16:08:56-07:00,4,36
index.html,32,html,215a94af,TanishaKr07,2025-09-30,16:08:56,-07:00,2025-09-30T16:08:56-07:00,2,1
index.html,33,html,215a94af,TanishaKr07,2025-09-30,16:08:56,-07:00,2025-09-30T16:08:56-07:00,4,71
index.html,34,html,215a94af,TanishaKr07,2025-09-30,16:08:56,-07:00,2025-09-30T16:08:56-07:00,4,69
index.html,35,html,215a94af,TanishaKr07,2025-09-30,16:08:56,-07:00,2025-09-30T16:08:56-07:00,4,76
index.html,36,html,215a94af,TanishaKr07,2025-09-30,16:08:56,-07:00,2025-09-30T16:08:56-07:00,4,69
index.html,37,html,215a94af,TanishaKr07,2025-09-30,16:08:56,-07:00,2025-09-30T16:08:56-07:00,4,71
index.html,38,html,215a94af,TanishaKr07,2025-09-30,16:08:56,-07:00,2025-09-30T16:08:56-07:00,4,57
index.html,39,html,215a94af,TanishaKr07,2025-09-30,16:08:56,-07:00,2025-09-30T16:08:56-07:00,4,69
index.html,40,html,215a94af,TanishaKr07,2025-09-30,16:08:56,-07:00,2025-09-30T16:08:56-07:00,4,56
index.html,41,html,215a94af,TanishaKr07,2025-09-30,16:08:56,-07:00,2025-09-30T16:08:56-07:00,2,2
index.html,42,html,f0875687,TanishaKr07,2025-10-24,20:46:16,-07:00,2025-10-24T20:46:16-07:00,2,0
index.html,43,html,a865fbaf,TanishaKr07,2025-10-24,20:36:37,-07:00,2025-10-24T20:36:37-07:00,2,22
index.html,44,html,a865fbaf,TanishaKr07,2025-10-24,20:36:37,-07:00,2025-10-24T20:36:37-07:00,2,20
index.html,45,html,a865fbaf,TanishaKr07,2025-10-24,20:36:37,-07:00,2025-10-24T20:36:37-07:00,4,49
index.html,46,html,a865fbaf,TanishaKr07,2025-10-24,20:36:37,-07:00,2025-10-24T20:36:37-07:00,2,4
index.html,47,html,f0875687,TanishaKr07,2025-10-24,20:46:16,-07:00,2025-10-24T20:46:16-07:00,0,0
index.html,48,html,6542cbb3,TanishaKr07,2025-10-24,18:51:51,-07:00,2025-10-24T18:51:51-07:00,2,41
index.html,49,html,f66c9be5,TanishaKr07,2025-10-24,20:56:19,-07:00,2025-10-24T20:56:19-07:00,2,47
index.html,50,html,a865fbaf,TanishaKr07,2025-10-24,20:36:37,-07:00,2025-10-24T20:36:37-07:00,2,50
index.html,51,html,215a94af,TanishaKr07,2025-09-30,16:08:56,-07:00,2025-09-30T16:08:56-07:00,0,5
index.html,52,html,5943c4a7,TanishaKr07,2025-10-30,21:33:09,-07:00,2025-10-30T21:33:09-07:00,0,5
global.js,1,js,ac362a4e,TanishaKr07,2025-10-17,19:09:18,-07:00,2025-10-17T19:09:18-07:00,0,25
global.js,2,js,ac362a4e,TanishaKr07,2025-10-17,19:09:18,-07:00,2025-10-17T19:09:18-07:00,0,0
global.js,3,js,ac362a4e,TanishaKr07,2025-10-17,19:09:18,-07:00,2025-10-17T19:09:18-07:00,0,0
global.js,4,js,ac362a4e,TanishaKr07,2025-10-17,19:09:18,-07:00,2025-10-17T19:09:18-07:00,0,0
global.js,5,js,ac362a4e,TanishaKr07,2025-10-17,19:09:18,-07:00,2025-10-17T19:09:18-07:00,0,44
global.js,6,js,ac362a4e,TanishaKr07,2025-10-17,19:09:18,-07:00,2025-10-17T19:09:18-07:00,0,57
global.js,7,js,ac362a4e,TanishaKr07,2025-10-17,19:09:18,-07:00,2025-10-17T19:09:18-07:00,0,2
global.js,8,js,ac362a4e,TanishaKr07,2025-10-17,19:09:18,-07:00,2025-10-17T19:09:18-07:00,0,24
global.js,9,js,ac362a4e,TanishaKr07,2025-10-17,19:09:18,-07:00,2025-10-17T19:09:18-07:00,0,33
global.js,10,js,ac362a4e,TanishaKr07,2025-10-17,19:09:18,-07:00,2025-10-17T19:09:18-07:00,0,71
global.js,11,js,ac362a4e,TanishaKr07,2025-10-17,19:09:18,-07:00,2025-10-17T19:09:18-07:00,0,3
global.js,12,js,ac362a4e,TanishaKr07,2025-10-17,19:09:18,-07:00,2025-10-17T19:09:18-07:00,0,39
global.js,13,js,ac362a4e,TanishaKr07,2025-10-17,19:09:18,-07:00,2025-10-17T19:09:18-07:00,0,0
global.js,14,js,ac362a4e,TanishaKr07,2025-10-17,19:09:18,-07:00,2025-10-17T19:09:18-07:00,0,11
global.js,15,js,ac362a4e,TanishaKr07,2025-10-17,19:09:18,-07:00,2025-10-17T19:09:18-07:00,1,25
global.js,16,js,ac362a4e,TanishaKr07,2025-10-17,19:09:18,-07:00,2025-10-17T19:09:18-07:00,1,38
global.js,17,js,ac362a4e,TanishaKr07,2025-10-17,19:09:18,-07:00,2025-10-17T19:09:18-07:00,1,36
global.js,18,js,309e071a,TanishaKr07,2025-10-17,20:09:02,-07:00,2025-10-17T20:09:02-07:00,1,34
global.js,19,js,ac362a4e,TanishaKr07,2025-10-17,19:09:18,-07:00,2025-10-17T19:09:18-07:00,0,0
global.js,20,js,ac1335ad,TanishaKr07,2025-10-17,19:16:54,-07:00,2025-10-17T19:16:54-07:00,0,0
global.js,21,js,ac362a4e,TanishaKr07,2025-10-17,19:09:18,-07:00,2025-10-17T19:09:18-07:00,0,38
global.js,22,js,ac362a4e,TanishaKr07,2025-10-17,19:09:18,-07:00,2025-10-17T19:09:18-07:00,0,25
global.js,23,js,ac362a4e,TanishaKr07,2025-10-17,19:09:18,-07:00,2025-10-17T19:09:18-07:00,0,0
global.js,24,js,ac362a4e,TanishaKr07,2025-10-17,19:09:18,-07:00,2025-10-17T19:09:18-07:00,0,88
global.js,25,js,ac362a4e,TanishaKr07,2025-10-17,19:09:18,-07:00,2025-10-17T19:09:18-07:00,1,36
global.js,26,js,c273b3f4,TanishaKr07,2025-10-17,19:52:22,-07:00,2025-10-17T19:52:22-07:00,1,48
global.js,27,js,ac1335ad,TanishaKr07,2025-10-17,19:16:54,-07:00,2025-10-17T19:16:54-07:00,0,0
global.js,28,js,ac1335ad,TanishaKr07,2025-10-17,19:16:54,-07:00,2025-10-17T19:16:54-07:00,0,20
global.js,29,js,ac1335ad,TanishaKr07,2025-10-17,19:16:54,-07:00,2025-10-17T19:16:54-07:00,1,61
global.js,30,js,ac1335ad,TanishaKr07,2025-10-17,19:16:54,-07:00,2025-10-17T19:16:54-07:00,1,34
global.js,31,js,ac1335ad,TanishaKr07,2025-10-17,19:16:54,-07:00,2025-10-17T19:16:54-07:00,1,11
global.js,32,js,ac1335ad,TanishaKr07,2025-10-17,19:16:54,-07:00,2025-10-17T19:16:54-07:00,1,22
global.js,33,js,ac1335ad,TanishaKr07,2025-10-17,19:16:54,-07:00,2025-10-17T19:16:54-07:00,1,29
global.js,34,js,ac1335ad,TanishaKr07,2025-10-17,19:16:54,-07:00,2025-10-17T19:16:54-07:00,2,18
global.js,35,js,ac1335ad,TanishaKr07,2025-10-17,19:16:54,-07:00,2025-10-17T19:16:54-07:00,1,0
global.js,36,js,ac1335ad,TanishaKr07,2025-10-17,19:16:54,-07:00,2025-10-17T19:16:54-07:00,0,0
global.js,37,js,ac1335ad,TanishaKr07,2025-10-17,19:16:54,-07:00,2025-10-17T19:16:54-07:00,1,65
global.js,38,js,ac1335ad,TanishaKr07,2025-10-17,19:16:54,-07:00,2025-10-17T19:16:54-07:00,2,25
global.js,39,js,ac1335ad,TanishaKr07,2025-10-17,19:16:54,-07:00,2025-10-17T19:16:54-07:00,1,0
global.js,40,js,ac1335ad,TanishaKr07,2025-10-17,19:16:54,-07:00,2025-10-17T19:16:54-07:00,1,12
global.js,41,js,ac1335ad,TanishaKr07,2025-10-17,19:16:54,-07:00,2025-10-17T19:16:54-07:00,0,0
global.js,42,js,1d8613f9,TanishaKr07,2025-10-17,22:33:40,-07:00,2025-10-17T22:33:40-07:00,0,0
global.js,43,js,1d8613f9,TanishaKr07,2025-10-17,22:33:40,-07:00,2025-10-17T22:33:40-07:00,0,0
global.js,44,js,1d8613f9,TanishaKr07,2025-10-17,22:33:40,-07:00,2025-10-17T22:33:40-07:00,0,31
global.js,45,js,1d8613f9,TanishaKr07,2025-10-17,22:33:40,-07:00,2025-10-17T22:33:40-07:00,1,11
global.js,46,js,1d8613f9,TanishaKr07,2025-10-17,22:33:40,-07:00,2025-10-17T22:33:40-07:00,1,0
global.js,47,js,d2637e4b,TanishaKr07,2025-10-17,22:39:33,-07:00,2025-10-17T22:39:33-07:00,1,25
global.js,48,js,d2637e4b,TanishaKr07,2025-10-17,22:39:33,-07:00,2025-10-17T22:39:33-07:00,1,60
global.js,49,js,d2637e4b,TanishaKr07,2025-10-17,22:39:33,-07:00,2025-10-17T22:39:33-07:00,1,20
global.js,50,js,1d8613f9,TanishaKr07,2025-10-17,22:33:40,-07:00,2025-10-17T22:33:40-07:00,2,4
global.js,51,js,1d8613f9,TanishaKr07,2025-10-17,22:33:40,-07:00,2025-10-17T22:33:40-07:00,2,24
global.js,52,js,1d8613f9,TanishaKr07,2025-10-17,22:33:40,-07:00,2025-10-17T22:33:40-07:00,3,41
global.js,53,js,1d8613f9,TanishaKr07,2025-10-17,22:33:40,-07:00,2025-10-17T22:33:40-07:00,3,34
global.js,54,js,1d8613f9,TanishaKr07,2025-10-17,22:33:40,-07:00,2025-10-17T22:33:40-07:00,3,32
global.js,55,js,1d8613f9,TanishaKr07,2025-10-17,22:33:40,-07:00,2025-10-17T22:33:40-07:00,2,7
global.js,56,js,1d8613f9,TanishaKr07,2025-10-17,22:33:40,-07:00,2025-10-17T22:33:40-07:00,1,6
global.js,57,js,1d8613f9,TanishaKr07,2025-10-17,22:33:40,-07:00,2025-10-17T22:33:40-07:00,1,0
global.js,58,js,1d8613f9,TanishaKr07,2025-10-17,22:33:40,-07:00,2025-10-17T22:33:40-07:00,0,0
global.js,59,js,1d8613f9,TanishaKr07,2025-10-17,22:33:40,-07:00,2025-10-17T22:33:40-07:00,0,0
global.js,60,js,1d8613f9,TanishaKr07,2025-10-17,22:33:40,-07:00,2025-10-17T22:33:40-07:00,0,53
global.js,61,js,1d8613f9,TanishaKr07,2025-10-17,22:33:40,-07:00,2025-10-17T22:33:40-07:00,0,49
global.js,62,js,1d8613f9,TanishaKr07,2025-10-17,22:33:40,-07:00,2025-10-17T22:33:40-07:00,1,32
global.js,63,js,1d8613f9,TanishaKr07,2025-10-17,22:33:40,-07:00,2025-10-17T22:33:40-07:00,1,45
global.js,64,js,1d8613f9,TanishaKr07,2025-10-17,22:33:40,-07:00,2025-10-17T22:33:40-07:00,1,65
global.js,65,js,1d8613f9,TanishaKr07,2025-10-17,22:33:40,-07:00,2025-10-17T22:33:40-07:00,1,32
global.js,66,js,1d8613f9,TanishaKr07,2025-10-17,22:33:40,-07:00,2025-10-17T22:33:40-07:00,0,1
global.js,67,js,1d8613f9,TanishaKr07,2025-10-17,22:33:40,-07:00,2025-10-17T22:33:40-07:00,0,0
global.js,68,js,1d8613f9,TanishaKr07,2025-10-17,22:33:40,-07:00,2025-10-17T22:33:40-07:00,0,34
global.js,69,js,1d8613f9,TanishaKr07,2025-10-17,22:33:40,-07:00,2025-10-17T22:33:40-07:00,1,43
global.js,70,js,1d8613f9,TanishaKr07,2025-10-17,22:33:40,-07:00,2025-10-17T22:33:40-07:00,1,70
global.js,71,js,1d8613f9,TanishaKr07,2025-10-17,22:33:40,-07:00,2025-10-17T22:33:40-07:00,1,25
global.js,72,js,1d8613f9,TanishaKr07,2025-10-17,22:33:40,-07:00,2025-10-17T22:33:40-07:00,0,0
global.js,73,js,9fe0f9b4,TanishaKr07,2025-10-24,18:43:02,-07:00,2025-10-24T18:43:02-07:00,0,0
global.js,74,js,9fe0f9b4,TanishaKr07,2025-10-24,18:43:02,-07:00,2025-10-24T18:43:02-07:00,0,36
global.js,75,js,9fe0f9b4,TanishaKr07,2025-10-24,18:43:02,-07:00,2025-10-24T18:43:02-07:00,1,3
global.js,76,js,9fe0f9b4,TanishaKr07,2025-10-24,18:43:02,-07:00,2025-10-24T18:43:02-07:00,2,39
global.js,77,js,9fe0f9b4,TanishaKr07,2025-10-24,18:43:02,-07:00,2025-10-24T18:43:02-07:00,2,32
global.js,78,js,9fe0f9b4,TanishaKr07,2025-10-24,18:43:02,-07:00,2025-10-24T18:43:02-07:00,2,17
global.js,79,js,9fe0f9b4,TanishaKr07,2025-10-24,18:43:02,-07:00,2025-10-24T18:43:02-07:00,2,66
global.js,80,js,9fe0f9b4,TanishaKr07,2025-10-24,18:43:02,-07:00,2025-10-24T18:43:02-07:00,2,0
global.js,81,js,9fe0f9b4,TanishaKr07,2025-10-24,18:43:02,-07:00,2025-10-24T18:43:02-07:00,0,0
global.js,82,js,9fe0f9b4,TanishaKr07,2025-10-24,18:43:02,-07:00,2025-10-24T18:43:02-07:00,2,21
global.js,83,js,9fe0f9b4,TanishaKr07,2025-10-24,18:43:02,-07:00,2025-10-24T18:43:02-07:00,2,42
global.js,84,js,9fe0f9b4,TanishaKr07,2025-10-24,18:43:02,-07:00,2025-10-24T18:43:02-07:00,0,0
global.js,85,js,9fe0f9b4,TanishaKr07,2025-10-24,18:43:02,-07:00,2025-10-24T18:43:02-07:00,2,20
global.js,86,js,9fe0f9b4,TanishaKr07,2025-10-24,18:43:02,-07:00,2025-10-24T18:43:02-07:00,2,33
global.js,87,js,9fe0f9b4,TanishaKr07,2025-10-24,18:43:02,-07:00,2025-10-24T18:43:02-07:00,2,10
global.js,88,js,9fe0f9b4,TanishaKr07,2025-10-24,18:43:02,-07:00,2025-10-24T18:43:02-07:00,0,0
global.js,89,js,9fe0f9b4,TanishaKr07,2025-10-24,18:43:02,-07:00,2025-10-24T18:43:02-07:00,0,0
global.js,90,js,9fe0f9b4,TanishaKr07,2025-10-24,18:43:02,-07:00,2025-10-24T18:43:02-07:00,1,15
global.js,91,js,9fe0f9b4,TanishaKr07,2025-10-24,18:43:02,-07:00,2025-10-24T18:43:02-07:00,2,59
global.js,92,js,9fe0f9b4,TanishaKr07,2025-10-24,18:43:02,-07:00,2025-10-24T18:43:02-07:00,1,0
global.js,93,js,9fe0f9b4,TanishaKr07,2025-10-24,18:43:02,-07:00,2025-10-24T18:43:02-07:00,0,0
global.js,94,js,9fe0f9b4,TanishaKr07,2025-10-24,18:43:02,-07:00,2025-10-24T18:43:02-07:00,0,0
global.js,95,js,9fe0f9b4,TanishaKr07,2025-10-24,18:43:02,-07:00,2025-10-24T18:43:02-07:00,0,78
global.js,96,js,9fe0f9b4,TanishaKr07,2025-10-24,18:43:02,-07:00,2025-10-24T18:43:02-07:00,1,83
global.js,97,js,9fe0f9b4,TanishaKr07,2025-10-24,18:43:02,-07:00,2025-10-24T18:43:02-07:00,1,30
global.js,98,js,9fe0f9b4,TanishaKr07,2025-10-24,18:43:02,-07:00,2025-10-24T18:43:02-07:00,1,23
global.js,99,js,9fe0f9b4,TanishaKr07,2025-10-24,18:43:02,-07:00,2025-10-24T18:43:02-07:00,2,48
global.js,100,js,9fe0f9b4,TanishaKr07,2025-10-24,18:43:02,-07:00,2025-10-24T18:43:02-07:00,2,19
global.js,101,js,9fe0f9b4,TanishaKr07,2025-10-24,18:43:02,-07:00,2025-10-24T18:43:02-07:00,2,46
global.js,102,js,9fe0f9b4,TanishaKr07,2025-10-24,18:43:02,-07:00,2025-10-24T18:43:02-07:00,2,43
global.js,103,js,bb411fca,TanishaKr07,2025-10-30,01:22:10,-07:00,2025-10-30T01:22:10-07:00,2,32
global.js,104,js,bb411fca,TanishaKr07,2025-10-30,01:22:10,-07:00,2025-10-30T01:22:10-07:00,2,92
global.js,105,js,bb411fca,TanishaKr07,2025-10-30,01:22:10,-07:00,2025-10-30T01:22:10-07:00,2,16
global.js,106,js,bb411fca,TanishaKr07,2025-10-30,01:22:10,-07:00,2025-10-30T01:22:10-07:00,2,2
global.js,107,js,bb411fca,TanishaKr07,2025-10-30,01:22:10,-07:00,2025-10-30T01:22:10-07:00,2,24
global.js,108,js,bb411fca,TanishaKr07,2025-10-30,01:22:10,-07:00,2025-10-30T01:22:10-07:00,2,4
global.js,109,js,bb411fca,TanishaKr07,2025-10-30,01:22:10,-07:00,2025-10-30T01:22:10-07:00,0,0
global.js,110,js,9fe0f9b4,TanishaKr07,2025-10-24,18:43:02,-07:00,2025-10-24T18:43:02-07:00,0,0
global.js,111,js,9fe0f9b4,TanishaKr07,2025-10-24,18:43:02,-07:00,2025-10-24T18:43:02-07:00,2,36
global.js,112,js,9fe0f9b4,TanishaKr07,2025-10-24,18:43:02,-07:00,2025-10-24T18:43:02-07:00,1,1
global.js,113,js,f66c9be5,TanishaKr07,2025-10-24,20:56:19,-07:00,2025-10-24T20:56:19-07:00,0,0
global.js,114,js,f66c9be5,TanishaKr07,2025-10-24,20:56:19,-07:00,2025-10-24T20:56:19-07:00,0,0
global.js,115,js,f66c9be5,TanishaKr07,2025-10-24,20:56:19,-07:00,2025-10-24T20:56:19-07:00,0,47
global.js,116,js,f66c9be5,TanishaKr07,2025-10-24,20:56:19,-07:00,2025-10-24T20:56:19-07:00,1,22
global.js,117,js,f66c9be5,TanishaKr07,2025-10-24,20:56:19,-07:00,2025-10-24T20:56:19-07:00,1,59
global.js,118,js,9fe0f9b4,TanishaKr07,2025-10-24,18:43:02,-07:00,2025-10-24T18:43:02-07:00,0,0
resume\index.html,1,html,46a6c871,TanishaKr07,2025-10-02,11:44:15,-07:00,2025-10-02T11:44:15-07:00,0,13
resume\index.html,2,html,46a6c871,TanishaKr07,2025-10-02,11:44:15,-07:00,2025-10-02T11:44:15-07:00,0,14
resume\index.html,3,html,46a6c871,TanishaKr07,2025-10-02,11:44:15,-07:00,2025-10-02T11:44:15-07:00,0,4
resume\index.html,4,html,46a6c871,TanishaKr07,2025-10-02,11:44:15,-07:00,2025-10-02T11:44:15-07:00,2,20
resume\index.html,5,html,46a6c871,TanishaKr07,2025-10-02,11:44:15,-07:00,2025-10-02T11:44:15-07:00,2,68
resume\index.html,6,html,7978c8e4,TanishaKr07,2025-10-10,22:05:56,-07:00,2025-10-10T22:05:56-07:00,2,41
resume\index.html,7,html,46a6c871,TanishaKr07,2025-10-02,11:44:15,-07:00,2025-10-02T11:44:15-07:00,2,19
resume\index.html,8,html,46a6c871,TanishaKr07,2025-10-02,11:44:15,-07:00,2025-10-02T11:44:15-07:00,0,5
resume\index.html,9,html,ac362a4e,TanishaKr07,2025-10-17,19:09:18,-07:00,2025-10-17T19:09:18-07:00,0,22
resume\index.html,10,html,d021b9e1,TanishaKr07,2025-10-10,23:06:25,-07:00,2025-10-10T23:06:25-07:00,2,3
resume\index.html,11,html,d021b9e1,TanishaKr07,2025-10-10,23:06:25,-07:00,2025-10-10T23:06:25-07:00,4,2
resume\index.html,12,html,d021b9e1,TanishaKr07,2025-10-10,23:06:25,-07:00,2025-10-10T23:06:25-07:00,6,51
resume\index.html,13,html,d021b9e1,TanishaKr07,2025-10-10,23:06:25,-07:00,2025-10-10T23:06:25-07:00,6,60
resume\index.html,14,html,d021b9e1,TanishaKr07,2025-10-10,23:06:25,-07:00,2025-10-10T23:06:25-07:00,6,58
resume\index.html,15,html,ac362a4e,TanishaKr07,2025-10-17,19:09:18,-07:00,2025-10-17T19:09:18-07:00,6,59
resume\index.html,16,html,d021b9e1,TanishaKr07,2025-10-10,23:06:25,-07:00,2025-10-10T23:06:25-07:00,6,59
resume\index.html,17,html,d021b9e1,TanishaKr07,2025-10-10,23:06:25,-07:00,2025-10-10T23:06:25-07:00,8,13
resume\index.html,18,html,d021b9e1,TanishaKr07,2025-10-10,23:06:25,-07:00,2025-10-10T23:06:25-07:00,4,3
resume\index.html,19,html,ac362a4e,TanishaKr07,2025-10-17,19:09:18,-07:00,2025-10-17T19:09:18-07:00,2,8
resume\index.html,20,html,46a6c871,TanishaKr07,2025-10-02,11:44:15,-07:00,2025-10-02T11:44:15-07:00,0,4
resume\index.html,21,html,46a6c871,TanishaKr07,2025-10-02,11:44:15,-07:00,2025-10-02T11:44:15-07:00,2,13
resume\index.html,22,html,46a6c871,TanishaKr07,2025-10-02,11:44:15,-07:00,2025-10-02T11:44:15-07:00,2,7
resume\index.html,23,html,46a6c871,TanishaKr07,2025-10-02,11:44:15,-07:00,2025-10-02T11:44:15-07:00,4,14
resume\index.html,24,html,46a6c871,TanishaKr07,2025-10-02,11:44:15,-07:00,2025-10-02T11:44:15-07:00,4,7
resume\index.html,25,html,46a6c871,TanishaKr07,2025-10-02,11:44:15,-07:00,2025-10-02T11:44:15-07:00,6,74
resume\index.html,26,html,46a6c871,TanishaKr07,2025-10-02,11:44:15,-07:00,2025-10-02T11:44:15-07:00,8,73
resume\index.html,27,html,46a6c871,TanishaKr07,2025-10-02,11:44:15,-07:00,2025-10-02T11:44:15-07:00,8,70
resume\index.html,28,html,46a6c871,TanishaKr07,2025-10-02,11:44:15,-07:00,2025-10-02T11:44:15-07:00,8,87
resume\index.html,29,html,46a6c871,TanishaKr07,2025-10-02,11:44:15,-07:00,2025-10-02T11:44:15-07:00,8,79
resume\index.html,30,html,46a6c871,TanishaKr07,2025-10-02,11:44:15,-07:00,2025-10-02T11:44:15-07:00,8,59
resume\index.html,31,html,46a6c871,TanishaKr07,2025-10-02,11:44:15,-07:00,2025-10-02T11:44:15-07:00,6,2
resume\index.html,32,html,46a6c871,TanishaKr07,2025-10-02,11:44:15,-07:00,2025-10-02T11:44:15-07:00,4,8
resume\index.html,33,html,46a6c871,TanishaKr07,2025-10-02,11:44:15,-07:00,2025-10-02T11:44:15-07:00,2,8
resume\index.html,34,html,46a6c871,TanishaKr07,2025-10-02,11:44:15,-07:00,2025-10-02T11:44:15-07:00,2,7
resume\index.html,35,html,b1cbd6d2,TanishaKr07,2025-10-02,13:25:56,-07:00,2025-10-02T13:25:56-07:00,4,7
resume\index.html,36,html,b1cbd6d2,TanishaKr07,2025-10-02,13:25:56,-07:00,2025-10-02T13:25:56-07:00,6,16
resume\index.html,37,html,b1cbd6d2,TanishaKr07,2025-10-02,13:25:56,-07:00,2025-10-02T13:25:56-07:00,8,2
resume\index.html,38,html,b1cbd6d2,TanishaKr07,2025-10-02,13:25:56,-07:00,2025-10-02T13:25:56-07:00,10,42
resume\index.html,39,html,b1cbd6d2,TanishaKr07,2025-10-02,13:25:56,-07:00,2025-10-02T13:25:56-07:00,10,90
resume\index.html,40,html,b1cbd6d2,TanishaKr07,2025-10-02,13:25:56,-07:00,2025-10-02T13:25:56-07:00,10,37
resume\index.html,41,html,b1cbd6d2,TanishaKr07,2025-10-02,13:25:56,-07:00,2025-10-02T13:25:56-07:00,8,3
resume\index.html,42,html,b1cbd6d2,TanishaKr07,2025-10-02,13:25:56,-07:00,2025-10-02T13:25:56-07:00,4,8
resume\index.html,43,html,b1cbd6d2,TanishaKr07,2025-10-02,13:25:56,-07:00,2025-10-02T13:25:56-07:00,4,7
resume\index.html,44,html,cf523762,TanishaKr07,2025-10-02,13:31:57,-07:00,2025-10-02T13:31:57-07:00,6,22
resume\index.html,45,html,b1cbd6d2,TanishaKr07,2025-10-02,13:25:56,-07:00,2025-10-02T13:25:56-07:00,8,29
resume\index.html,46,html,4ed52e45,TanishaKr07,2025-10-02,13:46:54,-07:00,2025-10-02T13:46:54-07:00,10,68
resume\index.html,47,html,b1cbd6d2,TanishaKr07,2025-10-02,13:25:56,-07:00,2025-10-02T13:25:56-07:00,10,2
resume\index.html,48,html,b1cbd6d2,TanishaKr07,2025-10-02,13:25:56,-07:00,2025-10-02T13:25:56-07:00,12,72
resume\index.html,49,html,b1cbd6d2,TanishaKr07,2025-10-02,13:25:56,-07:00,2025-10-02T13:25:56-07:00,12,65
resume\index.html,50,html,b1cbd6d2,TanishaKr07,2025-10-02,13:25:56,-07:00,2025-10-02T13:25:56-07:00,10,3
resume\index.html,51,html,b1cbd6d2,TanishaKr07,2025-10-02,13:25:56,-07:00,2025-10-02T13:25:56-07:00,0,0
resume\index.html,52,html,cf523762,TanishaKr07,2025-10-02,13:31:57,-07:00,2025-10-02T13:31:57-07:00,8,44
resume\index.html,53,html,4ed52e45,TanishaKr07,2025-10-02,13:46:54,-07:00,2025-10-02T13:46:54-07:00,10,69
resume\index.html,54,html,b1cbd6d2,TanishaKr07,2025-10-02,13:25:56,-07:00,2025-10-02T13:25:56-07:00,10,2
resume\index.html,55,html,b1cbd6d2,TanishaKr07,2025-10-02,13:25:56,-07:00,2025-10-02T13:25:56-07:00,12,109
resume\index.html,56,html,b1cbd6d2,TanishaKr07,2025-10-02,13:25:56,-07:00,2025-10-02T13:25:56-07:00,12,90
resume\index.html,57,html,b1cbd6d2,TanishaKr07,2025-10-02,13:25:56,-07:00,2025-10-02T13:25:56-07:00,12,58
resume\index.html,58,html,b1cbd6d2,TanishaKr07,2025-10-02,13:25:56,-07:00,2025-10-02T13:25:56-07:00,12,51
resume\index.html,59,html,b1cbd6d2,TanishaKr07,2025-10-02,13:25:56,-07:00,2025-10-02T13:25:56-07:00,10,3
resume\index.html,60,html,b1cbd6d2,TanishaKr07,2025-10-02,13:25:56,-07:00,2025-10-02T13:25:56-07:00,2,0
resume\index.html,61,html,b1cbd6d2,TanishaKr07,2025-10-02,13:25:56,-07:00,2025-10-02T13:25:56-07:00,8,48
resume\index.html,62,html,e6cc51f7,TanishaKr07,2025-10-03,10:44:52,-07:00,2025-10-03T10:44:52-07:00,10,81
resume\index.html,63,html,b1cbd6d2,TanishaKr07,2025-10-02,13:25:56,-07:00,2025-10-02T13:25:56-07:00,10,2
resume\index.html,64,html,b1cbd6d2,TanishaKr07,2025-10-02,13:25:56,-07:00,2025-10-02T13:25:56-07:00,12,107
resume\index.html,65,html,b1cbd6d2,TanishaKr07,2025-10-02,13:25:56,-07:00,2025-10-02T13:25:56-07:00,12,104
resume\index.html,66,html,b1cbd6d2,TanishaKr07,2025-10-02,13:25:56,-07:00,2025-10-02T13:25:56-07:00,12,112
resume\index.html,67,html,b1cbd6d2,TanishaKr07,2025-10-02,13:25:56,-07:00,2025-10-02T13:25:56-07:00,14,54
resume\index.html,68,html,b1cbd6d2,TanishaKr07,2025-10-02,13:25:56,-07:00,2025-10-02T13:25:56-07:00,12,3
resume\index.html,69,html,b1cbd6d2,TanishaKr07,2025-10-02,13:25:56,-07:00,2025-10-02T13:25:56-07:00,10,3
resume\index.html,70,html,cf523762,TanishaKr07,2025-10-02,13:31:57,-07:00,2025-10-02T13:31:57-07:00,8,22
resume\index.html,71,html,4ed52e45,TanishaKr07,2025-10-02,13:46:54,-07:00,2025-10-02T13:46:54-07:00,10,69
resume\index.html,72,html,b1cbd6d2,TanishaKr07,2025-10-02,13:25:56,-07:00,2025-10-02T13:25:56-07:00,10,2
resume\index.html,73,html,b1cbd6d2,TanishaKr07,2025-10-02,13:25:56,-07:00,2025-10-02T13:25:56-07:00,12,92
resume\index.html,74,html,b1cbd6d2,TanishaKr07,2025-10-02,13:25:56,-07:00,2025-10-02T13:25:56-07:00,14,22
resume\index.html,75,html,b1cbd6d2,TanishaKr07,2025-10-02,13:25:56,-07:00,2025-10-02T13:25:56-07:00,10,3
resume\index.html,76,html,b1cbd6d2,TanishaKr07,2025-10-02,13:25:56,-07:00,2025-10-02T13:25:56-07:00,4,8
resume\index.html,77,html,b1cbd6d2,TanishaKr07,2025-10-02,13:25:56,-07:00,2025-10-02T13:25:56-07:00,4,7
resume\index.html,78,html,b1cbd6d2,TanishaKr07,2025-10-02,13:25:56,-07:00,2025-10-02T13:25:56-07:00,6,15
resume\index.html,79,html,b1cbd6d2,TanishaKr07,2025-10-02,13:25:56,-07:00,2025-10-02T13:25:56-07:00,8,2
resume\index.html,80,html,b1cbd6d2,TanishaKr07,2025-10-02,13:25:56,-07:00,2025-10-02T13:25:56-07:00,10,155
resume\index.html,81,html,b1cbd6d2,TanishaKr07,2025-10-02,13:25:56,-07:00,2025-10-02T13:25:56-07:00,12,143
resume\index.html,82,html,b1cbd6d2,TanishaKr07,2025-10-02,13:25:56,-07:00,2025-10-02T13:25:56-07:00,12,76
resume\index.html,83,html,b1cbd6d2,TanishaKr07,2025-10-02,13:25:56,-07:00,2025-10-02T13:25:56-07:00,8,3
resume\index.html,84,html,b1cbd6d2,TanishaKr07,2025-10-02,13:25:56,-07:00,2025-10-02T13:25:56-07:00,4,8
resume\index.html,85,html,b1cbd6d2,TanishaKr07,2025-10-02,13:25:56,-07:00,2025-10-02T13:25:56-07:00,4,7
resume\index.html,86,html,b1cbd6d2,TanishaKr07,2025-10-02,13:25:56,-07:00,2025-10-02T13:25:56-07:00,6,21
resume\index.html,87,html,6025f1b3,TanishaKr07,2025-10-02,22:35:59,-07:00,2025-10-02T22:35:59-07:00,8,143
resume\index.html,88,html,b1cbd6d2,TanishaKr07,2025-10-02,13:25:56,-07:00,2025-10-02T13:25:56-07:00,8,2
resume\index.html,89,html,b1cbd6d2,TanishaKr07,2025-10-02,13:25:56,-07:00,2025-10-02T13:25:56-07:00,10,60
resume\index.html,90,html,b1cbd6d2,TanishaKr07,2025-10-02,13:25:56,-07:00,2025-10-02T13:25:56-07:00,10,29
resume\index.html,91,html,b1cbd6d2,TanishaKr07,2025-10-02,13:25:56,-07:00,2025-10-02T13:25:56-07:00,10,45
resume\index.html,92,html,b1cbd6d2,TanishaKr07,2025-10-02,13:25:56,-07:00,2025-10-02T13:25:56-07:00,10,38
resume\index.html,93,html,b1cbd6d2,TanishaKr07,2025-10-02,13:25:56,-07:00,2025-10-02T13:25:56-07:00,10,20
resume\index.html,94,html,b1cbd6d2,TanishaKr07,2025-10-02,13:25:56,-07:00,2025-10-02T13:25:56-07:00,10,43
resume\index.html,95,html,6c14c7a4,TanishaKr07,2025-10-02,13:54:20,-07:00,2025-10-02T13:54:20-07:00,8,3
resume\index.html,96,html,6c14c7a4,TanishaKr07,2025-10-02,13:54:20,-07:00,2025-10-02T13:54:20-07:00,8,13
resume\index.html,97,html,6c14c7a4,TanishaKr07,2025-10-02,13:54:20,-07:00,2025-10-02T13:54:20-07:00,8,2
resume\index.html,98,html,b1cbd6d2,TanishaKr07,2025-10-02,13:25:56,-07:00,2025-10-02T13:25:56-07:00,10,25
resume\index.html,99,html,b1cbd6d2,TanishaKr07,2025-10-02,13:25:56,-07:00,2025-10-02T13:25:56-07:00,10,44
resume\index.html,100,html,b1cbd6d2,TanishaKr07,2025-10-02,13:25:56,-07:00,2025-10-02T13:25:56-07:00,10,25
resume\index.html,101,html,b1cbd6d2,TanishaKr07,2025-10-02,13:25:56,-07:00,2025-10-02T13:25:56-07:00,10,36
resume\index.html,102,html,b1cbd6d2,TanishaKr07,2025-10-02,13:25:56,-07:00,2025-10-02T13:25:56-07:00,10,27
resume\index.html,103,html,6c14c7a4,TanishaKr07,2025-10-02,13:54:20,-07:00,2025-10-02T13:54:20-07:00,8,3
resume\index.html,104,html,b1cbd6d2,TanishaKr07,2025-10-02,13:25:56,-07:00,2025-10-02T13:25:56-07:00,0,0
resume\index.html,105,html,6c14c7a4,TanishaKr07,2025-10-02,13:54:20,-07:00,2025-10-02T13:54:20-07:00,8,31
resume\index.html,106,html,6c14c7a4,TanishaKr07,2025-10-02,13:54:20,-07:00,2025-10-02T13:54:20-07:00,8,2
resume\index.html,107,html,b1cbd6d2,TanishaKr07,2025-10-02,13:25:56,-07:00,2025-10-02T13:25:56-07:00,10,59
resume\index.html,108,html,b1cbd6d2,TanishaKr07,2025-10-02,13:25:56,-07:00,2025-10-02T13:25:56-07:00,8,3
resume\index.html,109,html,b1cbd6d2,TanishaKr07,2025-10-02,13:25:56,-07:00,2025-10-02T13:25:56-07:00,4,8
resume\index.html,110,html,b1cbd6d2,TanishaKr07,2025-10-02,13:25:56,-07:00,2025-10-02T13:25:56-07:00,4,7
resume\index.html,111,html,b1cbd6d2,TanishaKr07,2025-10-02,13:25:56,-07:00,2025-10-02T13:25:56-07:00,6,13
resume\index.html,112,html,b1cbd6d2,TanishaKr07,2025-10-02,13:25:56,-07:00,2025-10-02T13:25:56-07:00,8,2
resume\index.html,113,html,b1cbd6d2,TanishaKr07,2025-10-02,13:25:56,-07:00,2025-10-02T13:25:56-07:00,10,64
resume\index.html,114,html,b1cbd6d2,TanishaKr07,2025-10-02,13:25:56,-07:00,2025-10-02T13:25:56-07:00,10,78
resume\index.html,115,html,b1cbd6d2,TanishaKr07,2025-10-02,13:25:56,-07:00,2025-10-02T13:25:56-07:00,10,130
resume\index.html,116,html,b1cbd6d2,TanishaKr07,2025-10-02,13:25:56,-07:00,2025-10-02T13:25:56-07:00,10,81
resume\index.html,117,html,b1cbd6d2,TanishaKr07,2025-10-02,13:25:56,-07:00,2025-10-02T13:25:56-07:00,8,3
resume\index.html,118,html,b1cbd6d2,TanishaKr07,2025-10-02,13:25:56,-07:00,2025-10-02T13:25:56-07:00,4,8
resume\index.html,119,html,46a6c871,TanishaKr07,2025-10-02,11:44:15,-07:00,2025-10-02T11:44:15-07:00,2,8
resume\index.html,120,html,6542cbb3,TanishaKr07,2025-10-24,18:51:51,-07:00,2025-10-24T18:51:51-07:00,2,48
resume\index.html,121,html,46a6c871,TanishaKr07,2025-10-02,11:44:15,-07:00,2025-10-02T11:44:15-07:00,0,5
resume\index.html,122,html,46a6c871,TanishaKr07,2025-10-02,11:44:15,-07:00,2025-10-02T11:44:15-07:00,0,5
projects\projects.js,1,js,9fe0f9b4,TanishaKr07,2025-10-24,18:43:02,-07:00,2025-10-24T18:43:02-07:00,0,55
projects\projects.js,2,js,9fe0f9b4,TanishaKr07,2025-10-24,18:43:02,-07:00,2025-10-24T18:43:02-07:00,0,55
projects\projects.js,3,js,9fe0f9b4,TanishaKr07,2025-10-24,18:43:02,-07:00,2025-10-24T18:43:02-07:00,0,60
projects\projects.js,4,js,9fe0f9b4,TanishaKr07,2025-10-24,18:43:02,-07:00,2025-10-24T18:43:02-07:00,0,48
projects\projects.js,5,js,90863fab,TanishaKr07,2025-10-29,18:25:55,-07:00,2025-10-29T18:25:55-07:00,0,63
projects\projects.js,6,js,9fe0f9b4,TanishaKr07,2025-10-24,18:43:02,-07:00,2025-10-24T18:43:02-07:00,0,0
projects\projects.js,7,js,9fe0f9b4,TanishaKr07,2025-10-24,18:43:02,-07:00,2025-10-24T18:43:02-07:00,0,57
projects\projects.js,8,js,9fe0f9b4,TanishaKr07,2025-10-24,18:43:02,-07:00,2025-10-24T18:43:02-07:00,0,83
projects\projects.js,9,js,9fe0f9b4,TanishaKr07,2025-10-24,18:43:02,-07:00,2025-10-24T18:43:02-07:00,0,62
projects\projects.js,10,js,9fe0f9b4,TanishaKr07,2025-10-24,18:43:02,-07:00,2025-10-24T18:43:02-07:00,0,35
projects\projects.js,11,js,d13a6e1b,TanishaKr07,2025-10-29,17:59:41,-07:00,2025-10-29T17:59:41-07:00,0,55
projects\projects.js,12,js,d13a6e1b,TanishaKr07,2025-10-29,17:59:41,-07:00,2025-10-29T17:59:41-07:00,0,0
projects\projects.js,13,js,253e4ae7,TanishaKr07,2025-10-30,00:28:42,-07:00,2025-10-30T00:28:42-07:00,0,56
projects\projects.js,14,js,34ceba94,TanishaKr07,2025-10-29,19:15:56,-07:00,2025-10-29T19:15:56-07:00,0,27
projects\projects.js,15,js,34ceba94,TanishaKr07,2025-10-29,19:15:56,-07:00,2025-10-29T19:15:56-07:00,2,13
projects\projects.js,16,js,253e4ae7,TanishaKr07,2025-10-30,00:28:42,-07:00,2025-10-30T00:28:42-07:00,2,15
projects\projects.js,17,js,1c584b77,TanishaKr07,2025-10-29,21:41:27,-07:00,2025-10-29T21:41:27-07:00,0,45
projects\projects.js,18,js,253e4ae7,TanishaKr07,2025-10-30,00:28:42,-07:00,2025-10-30T00:28:42-07:00,0,40
projects\projects.js,19,js,7c1c040c,TanishaKr07,2025-10-29,23:37:12,-07:00,2025-10-29T23:37:12-07:00,0,0
projects\projects.js,20,js,7c1c040c,TanishaKr07,2025-10-29,23:37:12,-07:00,2025-10-29T23:37:12-07:00,0,40
projects\projects.js,21,js,253e4ae7,TanishaKr07,2025-10-30,00:28:42,-07:00,2025-10-30T00:28:42-07:00,0,63
projects\projects.js,22,js,253e4ae7,TanishaKr07,2025-10-30,00:28:42,-07:00,2025-10-30T00:28:42-07:00,2,25
projects\projects.js,23,js,253e4ae7,TanishaKr07,2025-10-30,00:28:42,-07:00,2025-10-30T00:28:42-07:00,2,29
projects\projects.js,24,js,253e4ae7,TanishaKr07,2025-10-30,00:28:42,-07:00,2025-10-30T00:28:42-07:00,4,12
projects\projects.js,25,js,253e4ae7,TanishaKr07,2025-10-30,00:28:42,-07:00,2025-10-30T00:28:42-07:00,4,14
projects\projects.js,26,js,253e4ae7,TanishaKr07,2025-10-30,00:28:42,-07:00,2025-10-30T00:28:42-07:00,4,12
projects\projects.js,27,js,253e4ae7,TanishaKr07,2025-10-30,00:28:42,-07:00,2025-10-30T00:28:42-07:00,2,0
projects\projects.js,28,js,253e4ae7,TanishaKr07,2025-10-30,00:28:42,-07:00,2025-10-30T00:28:42-07:00,2,18
projects\projects.js,29,js,253e4ae7,TanishaKr07,2025-10-30,00:28:42,-07:00,2025-10-30T00:28:42-07:00,2,50
projects\projects.js,30,js,253e4ae7,TanishaKr07,2025-10-30,00:28:42,-07:00,2025-10-30T00:28:42-07:00,4,6
projects\projects.js,31,js,253e4ae7,TanishaKr07,2025-10-30,00:28:42,-07:00,2025-10-30T00:28:42-07:00,6,11
projects\projects.js,32,js,253e4ae7,TanishaKr07,2025-10-30,00:28:42,-07:00,2025-10-30T00:28:42-07:00,6,9
projects\projects.js,33,js,253e4ae7,TanishaKr07,2025-10-30,00:28:42,-07:00,2025-10-30T00:28:42-07:00,4,0
projects\projects.js,34,js,253e4ae7,TanishaKr07,2025-10-30,00:28:42,-07:00,2025-10-30T00:28:42-07:00,2,1
projects\projects.js,35,js,253e4ae7,TanishaKr07,2025-10-30,00:28:42,-07:00,2025-10-30T00:28:42-07:00,2,0
projects\projects.js,36,js,253e4ae7,TanishaKr07,2025-10-30,00:28:42,-07:00,2025-10-30T00:28:42-07:00,2,50
projects\projects.js,37,js,253e4ae7,TanishaKr07,2025-10-30,00:28:42,-07:00,2025-10-30T00:28:42-07:00,2,53
projects\projects.js,38,js,253e4ae7,TanishaKr07,2025-10-30,00:28:42,-07:00,2025-10-30T00:28:42-07:00,2,42
projects\projects.js,39,js,253e4ae7,TanishaKr07,2025-10-30,00:28:42,-07:00,2025-10-30T00:28:42-07:00,2,51
projects\projects.js,40,js,253e4ae7,TanishaKr07,2025-10-30,00:28:42,-07:00,2025-10-30T00:28:42-07:00,2,0
projects\projects.js,41,js,253e4ae7,TanishaKr07,2025-10-30,00:28:42,-07:00,2025-10-30T00:28:42-07:00,2,26
projects\projects.js,42,js,7c1c040c,TanishaKr07,2025-10-29,23:37:12,-07:00,2025-10-29T23:37:12-07:00,2,32
projects\projects.js,43,js,253e4ae7,TanishaKr07,2025-10-30,00:28:42,-07:00,2025-10-30T00:28:42-07:00,2,34
projects\projects.js,44,js,253e4ae7,TanishaKr07,2025-10-30,00:28:42,-07:00,2025-10-30T00:28:42-07:00,2,30
projects\projects.js,45,js,253e4ae7,TanishaKr07,2025-10-30,00:28:42,-07:00,2025-10-30T00:28:42-07:00,0,0
projects\projects.js,46,js,253e4ae7,TanishaKr07,2025-10-30,00:28:42,-07:00,2025-10-30T00:28:42-07:00,2,0
projects\projects.js,47,js,253e4ae7,TanishaKr07,2025-10-30,00:28:42,-07:00,2025-10-30T00:28:42-07:00,2,46
projects\projects.js,48,js,253e4ae7,TanishaKr07,2025-10-30,00:28:42,-07:00,2025-10-30T00:28:42-07:00,2,27
projects\projects.js,49,js,7c1c040c,TanishaKr07,2025-10-29,23:37:12,-07:00,2025-10-29T23:37:12-07:00,2,34
projects\projects.js,50,js,253e4ae7,TanishaKr07,2025-10-30,00:28:42,-07:00,2025-10-30T00:28:42-07:00,4,1
projects\projects.js,51,js,253e4ae7,TanishaKr07,2025-10-30,00:28:42,-07:00,2025-10-30T00:28:42-07:00,6,13
projects\projects.js,52,js,253e4ae7,TanishaKr07,2025-10-30,00:28:42,-07:00,2025-10-30T00:28:42-07:00,6,18
projects\projects.js,53,js,253e4ae7,TanishaKr07,2025-10-30,00:28:42,-07:00,2025-10-30T00:28:42-07:00,6,24
projects\projects.js,54,js,253e4ae7,TanishaKr07,2025-10-30,00:28:42,-07:00,2025-10-30T00:28:42-07:00,6,78
projects\projects.js,55,js,253e4ae7,TanishaKr07,2025-10-30,00:28:42,-07:00,2025-10-30T00:28:42-07:00,6,18
projects\projects.js,56,js,253e4ae7,TanishaKr07,2025-10-30,00:28:42,-07:00,2025-10-30T00:28:42-07:00,8,39
projects\projects.js,57,js,253e4ae7,TanishaKr07,2025-10-30,00:28:42,-07:00,2025-10-30T00:28:42-07:00,8,36
projects\projects.js,58,js,253e4ae7,TanishaKr07,2025-10-30,00:28:42,-07:00,2025-10-30T00:28:42-07:00,0,0
projects\projects.js,59,js,253e4ae7,TanishaKr07,2025-10-30,00:28:42,-07:00,2025-10-30T00:28:42-07:00,8,23
projects\projects.js,60,js,253e4ae7,TanishaKr07,2025-10-30,00:28:42,-07:00,2025-10-30T00:28:42-07:00,8,19
projects\projects.js,61,js,253e4ae7,TanishaKr07,2025-10-30,00:28:42,-07:00,2025-10-30T00:28:42-07:00,10,66
projects\projects.js,62,js,253e4ae7,TanishaKr07,2025-10-30,00:28:42,-07:00,2025-10-30T00:28:42-07:00,8,0
projects\projects.js,63,js,253e4ae7,TanishaKr07,2025-10-30,00:28:42,-07:00,2025-10-30T00:28:42-07:00,8,25
projects\projects.js,64,js,253e4ae7,TanishaKr07,2025-10-30,00:28:42,-07:00,2025-10-30T00:28:42-07:00,8,20
projects\projects.js,65,js,253e4ae7,TanishaKr07,2025-10-30,00:28:42,-07:00,2025-10-30T00:28:42-07:00,10,66
projects\projects.js,66,js,253e4ae7,TanishaKr07,2025-10-30,00:28:42,-07:00,2025-10-30T00:28:42-07:00,8,0
projects\projects.js,67,js,253e4ae7,TanishaKr07,2025-10-30,00:28:42,-07:00,2025-10-30T00:28:42-07:00,8,33
projects\projects.js,68,js,253e4ae7,TanishaKr07,2025-10-30,00:28:42,-07:00,2025-10-30T00:28:42-07:00,8,25
projects\projects.js,69,js,253e4ae7,TanishaKr07,2025-10-30,00:28:42,-07:00,2025-10-30T00:28:42-07:00,10,48
projects\projects.js,70,js,253e4ae7,TanishaKr07,2025-10-30,00:28:42,-07:00,2025-10-30T00:28:42-07:00,8,6
projects\projects.js,71,js,253e4ae7,TanishaKr07,2025-10-30,00:28:42,-07:00,2025-10-30T00:28:42-07:00,10,48
projects\projects.js,72,js,253e4ae7,TanishaKr07,2025-10-30,00:28:42,-07:00,2025-10-30T00:28:42-07:00,10,74
projects\projects.js,73,js,00000000,Not Committed Yet,2025-10-31,19:49:52,-07:00,2025-10-31T19:49:52-07:00,10,67
projects\projects.js,74,js,253e4ae7,TanishaKr07,2025-10-30,00:28:42,-07:00,2025-10-30T00:28:42-07:00,8,0
projects\projects.js,75,js,253e4ae7,TanishaKr07,2025-10-30,00:28:42,-07:00,2025-10-30T00:28:42-07:00,6,1
projects\projects.js,76,js,7c1c040c,TanishaKr07,2025-10-29,23:37:12,-07:00,2025-10-29T23:37:12-07:00,2,1
projects\projects.js,77,js,7c1c040c,TanishaKr07,2025-10-29,23:37:12,-07:00,2025-10-29T23:37:12-07:00,0,0
projects\projects.js,78,js,253e4ae7,TanishaKr07,2025-10-30,00:28:42,-07:00,2025-10-30T00:28:42-07:00,2,82
projects\projects.js,79,js,253e4ae7,TanishaKr07,2025-10-30,00:28:42,-07:00,2025-10-30T00:28:42-07:00,2,27
projects\projects.js,80,js,253e4ae7,TanishaKr07,2025-10-30,00:28:42,-07:00,2025-10-30T00:28:42-07:00,4,34
projects\projects.js,81,js,253e4ae7,TanishaKr07,2025-10-30,00:28:42,-07:00,2025-10-30T00:28:42-07:00,6,39
projects\projects.js,82,js,253e4ae7,TanishaKr07,2025-10-30,00:28:42,-07:00,2025-10-30T00:28:42-07:00,6,79
projects\projects.js,83,js,253e4ae7,TanishaKr07,2025-10-30,00:28:42,-07:00,2025-10-30T00:28:42-07:00,6,0
projects\projects.js,84,js,253e4ae7,TanishaKr07,2025-10-30,00:28:42,-07:00,2025-10-30T00:28:42-07:00,4,21
projects\projects.js,85,js,253e4ae7,TanishaKr07,2025-10-30,00:28:42,-07:00,2025-10-30T00:28:42-07:00,6,23
projects\projects.js,86,js,253e4ae7,TanishaKr07,2025-10-30,00:28:42,-07:00,2025-10-30T00:28:42-07:00,0,0
projects\projects.js,87,js,253e4ae7,TanishaKr07,2025-10-30,00:28:42,-07:00,2025-10-30T00:28:42-07:00,4,21
projects\projects.js,88,js,253e4ae7,TanishaKr07,2025-10-30,00:28:42,-07:00,2025-10-30T00:28:42-07:00,6,31
projects\projects.js,89,js,253e4ae7,TanishaKr07,2025-10-30,00:28:42,-07:00,2025-10-30T00:28:42-07:00,2,1
projects\projects.js,90,js,253e4ae7,TanishaKr07,2025-10-30,00:28:42,-07:00,2025-10-30T00:28:42-07:00,0,0
projects\projects.js,91,js,7c1c040c,TanishaKr07,2025-10-29,23:37:12,-07:00,2025-10-29T23:37:12-07:00,0,0
projects\projects.js,92,js,ab4ef62b,TanishaKr07,2025-10-30,00:38:03,-07:00,2025-10-30T00:38:03-07:00,0,36
projects\projects.js,93,js,ab4ef62b,TanishaKr07,2025-10-30,00:38:03,-07:00,2025-10-30T00:38:03-07:00,0,55
projects\projects.js,94,js,ab4ef62b,TanishaKr07,2025-10-30,00:38:03,-07:00,2025-10-30T00:38:03-07:00,0,13
projects\projects.js,95,js,ab4ef62b,TanishaKr07,2025-10-30,00:38:03,-07:00,2025-10-30T00:38:03-07:00,0,0
projects\projects.js,96,js,253e4ae7,TanishaKr07,2025-10-30,00:28:42,-07:00,2025-10-30T00:28:42-07:00,0,87
projects\projects.js,97,js,7c1c040c,TanishaKr07,2025-10-29,23:37:12,-07:00,2025-10-29T23:37:12-07:00,0,49
projects\projects.js,98,js,253e4ae7,TanishaKr07,2025-10-30,00:28:42,-07:00,2025-10-30T00:28:42-07:00,2,25
projects\projects.js,99,js,253e4ae7,TanishaKr07,2025-10-30,00:28:42,-07:00,2025-10-30T00:28:42-07:00,2,51
projects\projects.js,100,js,253e4ae7,TanishaKr07,2025-10-30,00:28:42,-07:00,2025-10-30T00:28:42-07:00,4,59
projects\projects.js,101,js,253e4ae7,TanishaKr07,2025-10-30,00:28:42,-07:00,2025-10-30T00:28:42-07:00,4,42
projects\projects.js,102,js,7c1c040c,TanishaKr07,2025-10-29,23:37:12,-07:00,2025-10-29T23:37:12-07:00,2,1
projects\projects.js,103,js,ab4ef62b,TanishaKr07,2025-10-30,00:38:03,-07:00,2025-10-30T00:38:03-07:00,0,0
projects\projects.js,104,js,253e4ae7,TanishaKr07,2025-10-30,00:28:42,-07:00,2025-10-30T00:28:42-07:00,2,17
projects\projects.js,105,js,ab4ef62b,TanishaKr07,2025-10-30,00:38:03,-07:00,2025-10-30T00:38:03-07:00,0,0
projects\projects.js,106,js,7c1c040c,TanishaKr07,2025-10-29,23:37:12,-07:00,2025-10-29T23:37:12-07:00,2,56
projects\projects.js,107,js,00000000,Not Committed Yet,2025-10-31,19:49:52,-07:00,2025-10-31T19:49:52-07:00,2,41
projects\projects.js,108,js,bc424405,TanishaKr07,2025-10-30,21:50:10,-07:00,2025-10-30T21:50:10-07:00,2,81
projects\projects.js,109,js,bc424405,TanishaKr07,2025-10-30,21:50:10,-07:00,2025-10-30T21:50:10-07:00,2,81
projects\projects.js,110,js,bc424405,TanishaKr07,2025-10-30,21:50:10,-07:00,2025-10-30T21:50:10-07:00,2,82
projects\projects.js,111,js,bc424405,TanishaKr07,2025-10-30,21:50:10,-07:00,2025-10-30T21:50:10-07:00,2,84
projects\projects.js,112,js,bc424405,TanishaKr07,2025-10-30,21:50:10,-07:00,2025-10-30T21:50:10-07:00,2,88
projects\projects.js,113,js,bc424405,TanishaKr07,2025-10-30,21:50:10,-07:00,2025-10-30T21:50:10-07:00,2,83
projects\projects.js,114,js,bc424405,TanishaKr07,2025-10-30,21:50:10,-07:00,2025-10-30T21:50:10-07:00,2,25
projects\projects.js,115,js,253e4ae7,TanishaKr07,2025-10-30,00:28:42,-07:00,2025-10-30T00:28:42-07:00,0,1
projects\projects.js,116,js,253e4ae7,TanishaKr07,2025-10-30,00:28:42,-07:00,2025-10-30T00:28:42-07:00,0,0
projects\projects.js,117,js,bcf746b2,TanishaKr07,2025-10-30,00:56:50,-07:00,2025-10-30T00:56:50-07:00,0,18
projects\projects.js,118,js,ab4ef62b,TanishaKr07,2025-10-30,00:38:03,-07:00,2025-10-30T00:38:03-07:00,0,23
projects\index.html,1,html,8438826c,TanishaKr07,2025-09-30,16:34:39,-07:00,2025-09-30T16:34:39-07:00,0,13
projects\index.html,2,html,8438826c,TanishaKr07,2025-09-30,16:34:39,-07:00,2025-09-30T16:34:39-07:00,0,14
projects\index.html,3,html,8438826c,TanishaKr07,2025-09-30,16:34:39,-07:00,2025-09-30T16:34:39-07:00,0,4
projects\index.html,4,html,8438826c,TanishaKr07,2025-09-30,16:34:39,-07:00,2025-09-30T16:34:39-07:00,2,20
projects\index.html,5,html,8438826c,TanishaKr07,2025-09-30,16:34:39,-07:00,2025-09-30T16:34:39-07:00,2,68
projects\index.html,6,html,3ef62c89,TanishaKr07,2025-10-10,21:43:12,-07:00,2025-10-10T21:43:12-07:00,2,41
projects\index.html,7,html,8438826c,TanishaKr07,2025-09-30,16:34:39,-07:00,2025-09-30T16:34:39-07:00,2,21
projects\index.html,8,html,8438826c,TanishaKr07,2025-09-30,16:34:39,-07:00,2025-09-30T16:34:39-07:00,0,5
projects\index.html,9,html,8438826c,TanishaKr07,2025-09-30,16:34:39,-07:00,2025-09-30T16:34:39-07:00,0,4
projects\index.html,10,html,9fe0f9b4,TanishaKr07,2025-10-24,18:43:02,-07:00,2025-10-24T18:43:02-07:00,2,38
projects\index.html,11,html,c9635cea,TanishaKr07,2025-10-29,21:48:13,-07:00,2025-10-29T21:48:13-07:00,2,34
projects\index.html,12,html,bcf746b2,TanishaKr07,2025-10-30,00:56:50,-07:00,2025-10-30T00:56:50-07:00,4,54
projects\index.html,13,html,c9635cea,TanishaKr07,2025-10-29,21:48:13,-07:00,2025-10-29T21:48:13-07:00,4,4
projects\index.html,14,html,ed900c19,TanishaKr07,2025-10-29,22:19:48,-07:00,2025-10-29T22:19:48-07:00,4,22
projects\index.html,15,html,c9635cea,TanishaKr07,2025-10-29,21:48:13,-07:00,2025-10-29T21:48:13-07:00,2,4
projects\index.html,16,html,c9635cea,TanishaKr07,2025-10-29,21:48:13,-07:00,2025-10-29T21:48:13-07:00,0,0
projects\index.html,17,html,af6cddc3,TanishaKr07,2025-10-29,23:55:55,-07:00,2025-10-29T23:55:55-07:00,2,4
projects\index.html,18,html,af6cddc3,TanishaKr07,2025-10-29,23:55:55,-07:00,2025-10-29T23:55:55-07:00,4,15
projects\index.html,19,html,af6cddc3,TanishaKr07,2025-10-29,23:55:55,-07:00,2025-10-29T23:55:55-07:00,4,11
projects\index.html,20,html,af6cddc3,TanishaKr07,2025-10-29,23:55:55,-07:00,2025-10-29T23:55:55-07:00,4,26
projects\index.html,21,html,af6cddc3,TanishaKr07,2025-10-29,23:55:55,-07:00,2025-10-29T23:55:55-07:00,4,31
projects\index.html,22,html,af6cddc3,TanishaKr07,2025-10-29,23:55:55,-07:00,2025-10-29T23:55:55-07:00,2,0
projects\index.html,23,html,af6cddc3,TanishaKr07,2025-10-29,23:55:55,-07:00,2025-10-29T23:55:55-07:00,0,0
projects\index.html,24,html,1c584b77,TanishaKr07,2025-10-29,21:41:27,-07:00,2025-10-29T21:41:27-07:00,2,26
projects\index.html,25,html,4fd975fd,TanishaKr07,2025-10-29,18:17:00,-07:00,2025-10-29T18:17:00-07:00,0,0
projects\index.html,26,html,9fe0f9b4,TanishaKr07,2025-10-24,18:43:02,-07:00,2025-10-24T18:43:02-07:00,2,43
projects\index.html,27,html,9fe0f9b4,TanishaKr07,2025-10-24,18:43:02,-07:00,2025-10-24T18:43:02-07:00,2,48
projects\index.html,28,html,9fe0f9b4,TanishaKr07,2025-10-24,18:43:02,-07:00,2025-10-24T18:43:02-07:00,2,47
projects\index.html,29,html,8438826c,TanishaKr07,2025-09-30,16:34:39,-07:00,2025-09-30T16:34:39-07:00,0,5
projects\index.html,30,html,8438826c,TanishaKr07,2025-09-30,16:34:39,-07:00,2025-09-30T16:34:39-07:00,0,5
contact\index.html,1,html,8438826c,TanishaKr07,2025-09-30,16:34:39,-07:00,2025-09-30T16:34:39-07:00,0,13
contact\index.html,2,html,8438826c,TanishaKr07,2025-09-30,16:34:39,-07:00,2025-09-30T16:34:39-07:00,0,14
contact\index.html,3,html,8438826c,TanishaKr07,2025-09-30,16:34:39,-07:00,2025-09-30T16:34:39-07:00,0,4
contact\index.html,4,html,8438826c,TanishaKr07,2025-09-30,16:34:39,-07:00,2025-09-30T16:34:39-07:00,2,20
contact\index.html,5,html,8438826c,TanishaKr07,2025-09-30,16:34:39,-07:00,2025-09-30T16:34:39-07:00,2,68
contact\index.html,6,html,ee56dacd,TanishaKr07,2025-10-10,22:22:11,-07:00,2025-10-10T22:22:11-07:00,2,41
contact\index.html,7,html,8438826c,TanishaKr07,2025-09-30,16:34:39,-07:00,2025-09-30T16:34:39-07:00,2,20
contact\index.html,8,html,8438826c,TanishaKr07,2025-09-30,16:34:39,-07:00,2025-09-30T16:34:39-07:00,0,5
contact\index.html,9,html,d021b9e1,TanishaKr07,2025-10-10,23:06:25,-07:00,2025-10-10T23:06:25-07:00,0,4
contact\index.html,10,html,d021b9e1,TanishaKr07,2025-10-10,23:06:25,-07:00,2025-10-10T23:06:25-07:00,2,14
contact\index.html,11,html,d021b9e1,TanishaKr07,2025-10-10,23:06:25,-07:00,2025-10-10T23:06:25-07:00,2,73
contact\index.html,12,html,d021b9e1,TanishaKr07,2025-10-10,23:06:25,-07:00,2025-10-10T23:06:25-07:00,4,35
contact\index.html,13,html,d021b9e1,TanishaKr07,2025-10-10,23:06:25,-07:00,2025-10-10T23:06:25-07:00,4,44
contact\index.html,14,html,d021b9e1,TanishaKr07,2025-10-10,23:06:25,-07:00,2025-10-10T23:06:25-07:00,4,39
contact\index.html,15,html,d021b9e1,TanishaKr07,2025-10-10,23:06:25,-07:00,2025-10-10T23:06:25-07:00,4,24
contact\index.html,16,html,d021b9e1,TanishaKr07,2025-10-10,23:06:25,-07:00,2025-10-10T23:06:25-07:00,4,36
contact\index.html,17,html,d021b9e1,TanishaKr07,2025-10-10,23:06:25,-07:00,2025-10-10T23:06:25-07:00,4,35
contact\index.html,18,html,60456a09,TanishaKr07,2025-10-10,23:09:16,-07:00,2025-10-10T23:09:16-07:00,4,35
contact\index.html,19,html,d021b9e1,TanishaKr07,2025-10-10,23:06:25,-07:00,2025-10-10T23:06:25-07:00,2,5
contact\index.html,20,html,6542cbb3,TanishaKr07,2025-10-24,18:51:51,-07:00,2025-10-24T18:51:51-07:00,2,48
contact\index.html,21,html,8438826c,TanishaKr07,2025-09-30,16:34:39,-07:00,2025-09-30T16:34:39-07:00,0,5
contact\index.html,22,html,8438826c,TanishaKr07,2025-09-30,16:34:39,-07:00,2025-09-30T16:34:39-07:00,0,5
